Link,ISBN
https://www.neelwafurat.com/itempage.aspx?id=lbb390517-387885&search=books,  ردمك: 9789975355210
https://www.neelwafurat.com/itempage.aspx?id=lbb152835-114399&search=books,
https://www.neelwafurat.com/itempage.aspx?id=egb281309-5299465&search=books,
https://www.neelwafurat.com/itempage.aspx?id=lbb83908-44303&search=books,
https://www.neelwafurat.com/itempage.aspx?id=egb68564-5068544&search=books,  ردمك: 9789773155612
https://www.neelwafurat.com/itempage.aspx?id=egb69737-5069718&search=books,  ردمك: 9771975889
https://www.neelwafurat.com/itempage.aspx?id=lbb152327-113863&search=books,  ردمك: 9789957120360
https://www.neelwafurat.com/itempage.aspx?id=lbb77110-37587&search=books,  ردمك: 1575475278
https://www.neelwafurat.com/itempage.aspx?id=lbb390291-387648&search=books,
https://www.neelwafurat.com/itempage.aspx?id=lbb84927-45311&search=books,
https://www.neelwafurat.com/itempage.aspx?id=egb188487-5201500&search=books,  ردمك: 9773141276
https://www.neelwafurat.com/itempage.aspx?id=lbb298438-286013&search=books,  ردمك: 9789957613785
https://www.neelwafurat.com/itempage.aspx?id=lbb303264-292903&search=books,  ردمك: 9789957699719
https://www.neelwafurat.com/itempage.aspx?id=lbb80776-41236&search=books,
https://www.neelwafurat.com/itempage.aspx?id=lbb218443-193948&search=books,  ردمك: 9786144170724
https://www.neelwafurat.com/itempage.aspx?id=lbb315076-305197&search=books,  ردمك: 9789957747404
https://www.neelwafurat.com/itempage.aspx?id=lbb305090-294332&search=books,
https://www.neelwafurat.com/itempage.aspx?id=lbb387642-384895&search=books,  ردمك: 9786144960028
https://www.neelwafurat.com/itempage.aspx?id=egb61821-5061856&search=books,  ردمك: 9772416948
https://www.neelwafurat.com/itempage.aspx?id=lbb80777-41237&search=books,
https://www.neelwafurat.com/itempage.aspx?id=egb149027-5159789&search=books,  ردمك: 9789776276819
https://www.neelwafurat.com/itempage.aspx?id=lbb170164-133032&search=books,  ردمك: 9789933330811
https://www.neelwafurat.com/itempage.aspx?id=lbb1269-1240&search=books,  ردمك: 9953906262
https://www.neelwafurat.com/itempage.aspx?id=lbb315930-306137&search=books,  ردمك: 9789957686550
https://www.neelwafurat.com/itempage.aspx?id=egb281478-5299651&search=books,
https://www.neelwafurat.com/itempage.aspx?id=egb58149-5058154&search=books,  ردمك: 97738236
https://www.neelwafurat.com/itempage.aspx?id=lbb83625-44028&search=books,
https://www.neelwafurat.com/itempage.aspx?id=egb252706-5268790&search=books,
https://www.neelwafurat.com/itempage.aspx?id=egb172741-5185071&search=books,
https://www.neelwafurat.com/itempage.aspx?id=lbb315089-305210&search=books,  ردمك: 9789957747626
https://www.neelwafurat.com/itempage.aspx?id=lbb82714-43130&search=books,
https://www.neelwafurat.com/itempage.aspx?id=egb149282-5160073&search=books,  ردمك: 9789774680946
https://www.neelwafurat.com/itempage.aspx?id=lbb386661-383850&search=books,
https://www.neelwafurat.com/itempage.aspx?id=egb57664-5057688&search=books,  ردمك: 977052138
https://www.neelwafurat.com/itempage.aspx?id=lbb279843-264021&search=books,  ردمك: 9786144232491
https://www.neelwafurat.com/itempage.aspx?id=lbb77509-37984&search=books,
https://www.neelwafurat.com/itempage.aspx?id=lbb135148-95209&search=books,  ردمك: 9789957180249
https://www.neelwafurat.com/itempage.aspx?id=lbb315924-306131&search=books,  ردمك: 9789957686413
https://www.neelwafurat.com/itempage.aspx?id=egb155151-5166104&search=books,
https://www.neelwafurat.com/itempage.aspx?id=egb280924-5299078&search=books,
https://www.neelwafurat.com/itempage.aspx?id=egb847-5000844&search=books,
https://www.neelwafurat.com/itempage.aspx?id=lbb311324-301124&search=books,
https://www.neelwafurat.com/itempage.aspx?id=lbb279839-264069&search=books,  ردمك: 9786144232453
https://www.neelwafurat.com/itempage.aspx?id=egb189019-5202018&search=books,
https://www.neelwafurat.com/itempage.aspx?id=egb216398-5230719&search=books,
https://www.neelwafurat.com/itempage.aspx?id=lbb344790-338180&search=books,
https://www.neelwafurat.com/itempage.aspx?id=lbb78670-39141&search=books,  ردمك: 9782745122926
https://www.neelwafurat.com/itempage.aspx?id=lbb376630-373289&search=books,  ردمك: 9789957179243
https://www.neelwafurat.com/itempage.aspx?id=lbb83903-44298&search=books,
https://www.neelwafurat.com/itempage.aspx?id=lbb209526-183634&search=books,
https://www.neelwafurat.com/itempage.aspx?id=lbb268804-253222&search=books,  ردمك: 9789947340899
https://www.neelwafurat.com/itempage.aspx?id=egb154449-5165338&search=books,
https://www.neelwafurat.com/itempage.aspx?id=lbb85815-46201&search=books,  ردمك: 6000145
https://www.neelwafurat.com/itempage.aspx?id=lbb155056-116704&search=books,  ردمك: 9789957007454
https://www.neelwafurat.com/itempage.aspx?id=lbb131777-91909&search=books,
https://www.neelwafurat.com/itempage.aspx?id=egb279678-5297803&search=books,  ردمك: 9789776986473
https://www.neelwafurat.com/itempage.aspx?id=lbb124913-314495&search=books,
https://www.neelwafurat.com/itempage.aspx?id=lbb114345-113211&search=books,
https://www.neelwafurat.com/itempage.aspx?id=egb230455-5245088&search=books,  ردمك: 9789772786091
https://www.neelwafurat.com/itempage.aspx?id=lbb223869-200376&search=books,
https://www.neelwafurat.com/itempage.aspx?id=lbb129946-230936&search=books,
https://www.neelwafurat.com/itempage.aspx?id=egb279472-5297592&search=books,  ردمك: 9789773145842
https://www.neelwafurat.com/itempage.aspx?id=lbb272329-257073&search=books,  ردمك: 9789933330705
https://www.neelwafurat.com/itempage.aspx?id=lbb126214-86342&search=books,  ردمك: 9789957007003
https://www.neelwafurat.com/itempage.aspx?id=lbb84900-45284&search=books,
https://www.neelwafurat.com/itempage.aspx?id=lbb114346-74505&search=books,
https://www.neelwafurat.com/itempage.aspx?id=egb203541-5216989&search=books,
https://www.neelwafurat.com/itempage.aspx?id=lbb382669-379706&search=books,  ردمك: 9789954670590
https://www.neelwafurat.com/itempage.aspx?id=egb6299-5006314&search=books,  ردمك: 9772708450
https://www.neelwafurat.com/itempage.aspx?id=lbb81783-42212&search=books,  ردمك: 1552064891
https://www.neelwafurat.com/itempage.aspx?id=lbb204068-175942&search=books,  ردمك: 6281140008390
https://www.neelwafurat.com/itempage.aspx?id=lbb369839-366184&search=books,  ردمك: 9789923280706
https://www.neelwafurat.com/itempage.aspx?id=lbb7575-7436&search=books,
https://www.neelwafurat.com/itempage.aspx?id=egb194585-5207686&search=books,
https://www.neelwafurat.com/itempage.aspx?id=lbb276503-261501&search=books,  ردمك: 9786030227495
https://www.neelwafurat.com/itempage.aspx?id=lbb114345-120527&search=books,
https://www.neelwafurat.com/itempage.aspx?id=lbb81788-42217&search=books,  ردمك: 1552064913
https://www.neelwafurat.com/itempage.aspx?id=egb278829-5296884&search=books,
https://www.neelwafurat.com/itempage.aspx?id=lbb307313-296658&search=books,  ردمك: 9789933401122
https://www.neelwafurat.com/itempage.aspx?id=lbb316097-306304&search=books,  ردمك: 9789923716229
https://www.neelwafurat.com/itempage.aspx?id=lbb16412-15384&search=books,
https://www.neelwafurat.com/itempage.aspx?id=egb59200-5059160&search=books,  ردمك: 9773423220
https://www.neelwafurat.com/itempage.aspx?id=lbb274100-258982&search=books,  ردمك: ‎9789957552152‎
https://www.neelwafurat.com/itempage.aspx?id=lbb124913-85042&search=books,
https://www.neelwafurat.com/itempage.aspx?id=lbb138495-98866&search=books,  ردمك: 9960444651
https://www.neelwafurat.com/itempage.aspx?id=lbb380335-377258&search=books,  ردمك: 9789957919641
https://www.neelwafurat.com/itempage.aspx?id=lbb316120-306328&search=books,
https://www.neelwafurat.com/itempage.aspx?id=egb200631-5213813&search=books,  ردمك: 9789773004952
https://www.neelwafurat.com/itempage.aspx?id=lbb173165-136059&search=books,  ردمك: 9789953400730
https://www.neelwafurat.com/itempage.aspx?id=lbb274100-276027&search=books,
https://www.neelwafurat.com/itempage.aspx?id=egb33690-5033713&search=books,
https://www.neelwafurat.com/itempage.aspx?id=lbb83340-43747&search=books,
https://www.neelwafurat.com/itempage.aspx?id=lbb271633-256317&search=books,
https://www.neelwafurat.com/itempage.aspx?id=egb26598-5026627&search=books,
https://www.neelwafurat.com/itempage.aspx?id=lbb380372-377295&search=books,  ردمك: 9786144207246
https://www.neelwafurat.com/itempage.aspx?id=lbb171119-133991&search=books,  ردمك: 9789957463502
https://www.neelwafurat.com/itempage.aspx?id=lbb260221-243374&search=books,  ردمك: 9789953488660
https://www.neelwafurat.com/itempage.aspx?id=egb238975-5253958&search=books,  ردمك: 9789778480153
https://www.neelwafurat.com/itempage.aspx?id=lbb132356-92488&search=books,  ردمك: 9782745139924
https://www.neelwafurat.com/itempage.aspx?id=lbb269688-254273&search=books,  ردمك: 9789933230098
https://www.neelwafurat.com/itempage.aspx?id=lbb173685-136586&search=books,  ردمك: 9789953303956
https://www.neelwafurat.com/itempage.aspx?id=lbb81546-41983&search=books,
https://www.neelwafurat.com/itempage.aspx?id=lbb460-446&search=books,
https://www.neelwafurat.com/itempage.aspx?id=aeb422443-10422445&search=books,  ردمك: 9789948814009
https://www.neelwafurat.com/itempage.aspx?id=lbb131641-91773&search=books,
https://www.neelwafurat.com/itempage.aspx?id=lbb379376-376253&search=books,  ردمك: 9789923490723
https://www.neelwafurat.com/itempage.aspx?id=lbb269696-254281&search=books,  ردمك: 9789933230081
https://www.neelwafurat.com/itempage.aspx?id=egb208247-5221855&search=books,  ردمك: 9789957572174
https://www.neelwafurat.com/itempage.aspx?id=lbb130271-90401&search=books,  ردمك: 9959292436
https://www.neelwafurat.com/itempage.aspx?id=egb26750-5026778&search=books,
https://www.neelwafurat.com/itempage.aspx?id=lbb168884-131682&search=books,  ردمك: 9789953515229
https://www.neelwafurat.com/itempage.aspx?id=egb216253-5230538&search=books,
https://www.neelwafurat.com/itempage.aspx?id=lbb312710-302712&search=books,
https://www.neelwafurat.com/itempage.aspx?id=lbb378778-375619&search=books,
https://www.neelwafurat.com/itempage.aspx?id=lbb264733-248704&search=books,  ردمك: 9789957744809
https://www.neelwafurat.com/itempage.aspx?id=lbb352481-346889&search=books,  ردمك: 9789957333478
https://www.neelwafurat.com/itempage.aspx?id=egb123740-5124908&search=books,
https://www.neelwafurat.com/itempage.aspx?id=egb37748-5131743&search=books,  ردمك: 9772152495
https://www.neelwafurat.com/itempage.aspx?id=lbb128736-88866&search=books,
https://www.neelwafurat.com/itempage.aspx?id=egb44427-5044448&search=books,  ردمك: 9773071421
https://www.neelwafurat.com/itempage.aspx?id=lbb311997-301965&search=books,  ردمك: 9789771614623
https://www.neelwafurat.com/itempage.aspx?id=lbb378054-374799&search=books,  ردمك: 989957228460
https://www.neelwafurat.com/itempage.aspx?id=lbb264247-248137&search=books,  ردمك: 9789957699759
https://www.neelwafurat.com/itempage.aspx?id=lbb163598-126216&search=books,
https://www.neelwafurat.com/itempage.aspx?id=egb4627-5004632&search=books,  ردمك: 9770154067
https://www.neelwafurat.com/itempage.aspx?id=lbb174119-137037&search=books,  ردمك: 9789957504120
https://www.neelwafurat.com/itempage.aspx?id=lbb85069-45450&search=books,
https://www.neelwafurat.com/itempage.aspx?id=lbb126424-86551&search=books,  ردمك: 9959292010
https://www.neelwafurat.com/itempage.aspx?id=lbb311946-301912&search=books,  ردمك: 9786035039826
https://www.neelwafurat.com/itempage.aspx?id=egb215086-5228809&search=books,  ردمك: 9789773154400
https://www.neelwafurat.com/itempage.aspx?id=lbb79106-39578&search=books,  ردمك: 9782745112873
https://www.neelwafurat.com/itempage.aspx?id=lbb162583-125174&search=books,  ردمك: 9789953503547
https://www.neelwafurat.com/itempage.aspx?id=lbb25047-23510&search=books,
https://www.neelwafurat.com/itempage.aspx?id=lbb227846-206094&search=books,  ردمك: 9789957544478
https://www.neelwafurat.com/itempage.aspx?id=lbb77470-37945&search=books,
https://www.neelwafurat.com/itempage.aspx?id=lbb125952-86080&search=books,  ردمك: 9953429669
https://www.neelwafurat.com/itempage.aspx?id=lbb85949-46327&search=books,  ردمك: 9786035091510
https://www.neelwafurat.com/itempage.aspx?id=egb159739-5170983&search=books,  ردمك: 9789772738520
https://www.neelwafurat.com/itempage.aspx?id=lbb170357-133225&search=books,  ردمك: 9782745156891
https://www.neelwafurat.com/itempage.aspx?id=lbb25920-24353&search=books,
https://www.neelwafurat.com/itempage.aspx?id=lbb222872-199144&search=books,  ردمك: 9786038093122
https://www.neelwafurat.com/itempage.aspx?id=egb276055-5293940&search=books,  ردمك: 9789778126952
https://www.neelwafurat.com/itempage.aspx?id=lbb129884-90014&search=books,
https://www.neelwafurat.com/itempage.aspx?id=lbb80555-41018&search=books,  ردمك: 1000000001310
https://www.neelwafurat.com/itempage.aspx?id=egb214175-5227964&search=books,  ردمك: 9789773144609
https://www.neelwafurat.com/itempage.aspx?id=egb236429-5251422&search=books,
https://www.neelwafurat.com/itempage.aspx?id=lbb85056-45437&search=books,
https://www.neelwafurat.com/itempage.aspx?id=aeb429953-10430311&search=books,  ردمك: 9789953683102
https://www.neelwafurat.com/itempage.aspx?id=egb276056-5293941&search=books,  ردمك: 9789778126969
https://www.neelwafurat.com/itempage.aspx?id=lbb216771-190703&search=books,  ردمك: 9786144220436
https://www.neelwafurat.com/itempage.aspx?id=egb216396-5230717&search=books,
https://www.neelwafurat.com/itempage.aspx?id=lbb131690-91822&search=books,
https://www.neelwafurat.com/itempage.aspx?id=egb214172-5227961&search=books,  ردمك: 978977314469
https://www.neelwafurat.com/itempage.aspx?id=lbb310722-300400&search=books,  ردمك: 9786144183601
https://www.neelwafurat.com/itempage.aspx?id=lbb82295-42716&search=books,
https://www.neelwafurat.com/itempage.aspx?id=lbb377137-373814&search=books,  ردمك: 9789922934037
https://www.neelwafurat.com/itempage.aspx?id=lbb178249-141311&search=books,  ردمك: 9782721460233
https://www.neelwafurat.com/itempage.aspx?id=lbb214677-188135&search=books,  ردمك: 9789933402919
https://www.neelwafurat.com/itempage.aspx?id=egb122960-5123962&search=books,  ردمك: 977586772
https://www.neelwafurat.com/itempage.aspx?id=lbb322803-313658&search=books,
https://www.neelwafurat.com/itempage.aspx?id=egb213940-5227737&search=books,
https://www.neelwafurat.com/itempage.aspx?id=lbb310850-300542&search=books,  ردمك: 9782745189523
https://www.neelwafurat.com/itempage.aspx?id=egb156595-5167592&search=books,  ردمك: 9776206476
https://www.neelwafurat.com/itempage.aspx?id=lbb375242-371824&search=books,  ردمك: 9789923362211
https://www.neelwafurat.com/itempage.aspx?id=lbb214677-244094&search=books,  ردمك: 9789933402919
https://www.neelwafurat.com/itempage.aspx?id=lbb24927-23392&search=books,
https://www.neelwafurat.com/itempage.aspx?id=lbb76974-37461&search=books,
https://www.neelwafurat.com/itempage.aspx?id=lbb382811-379860&search=books,
https://www.neelwafurat.com/itempage.aspx?id=lbb89973-50289&search=books,  ردمك: 9782745131225
https://www.neelwafurat.com/itempage.aspx?id=egb235802-5250721&search=books,
https://www.neelwafurat.com/itempage.aspx?id=lbb375117-371699&search=books,  ردمك: 9789923371176
https://www.neelwafurat.com/itempage.aspx?id=lbb260221-243377&search=books,
https://www.neelwafurat.com/itempage.aspx?id=lbb84082-44476&search=books,
https://www.neelwafurat.com/itempage.aspx?id=lbb217917-193421&search=books,  ردمك: 9789953564289
https://www.neelwafurat.com/itempage.aspx?id=lbb382810-379859&search=books,
https://www.neelwafurat.com/itempage.aspx?id=egb61448-5061486&search=books,
https://www.neelwafurat.com/itempage.aspx?id=lbb78751-39222&search=books,  ردمك: 78873
https://www.neelwafurat.com/itempage.aspx?id=lbb298241-285771&search=books,  ردمك: 9789959296856
https://www.neelwafurat.com/itempage.aspx?id=lbb373189-369699&search=books,  ردمك: 9789922651439
https://www.neelwafurat.com/itempage.aspx?id=egb128429-5131174&search=books,
https://www.neelwafurat.com/itempage.aspx?id=lbb1930-1895&search=books,
https://www.neelwafurat.com/itempage.aspx?id=lbb217916-193420&search=books,  ردمك: 9789953564388
https://www.neelwafurat.com/itempage.aspx?id=egb219263-5233662&search=books,  ردمك: 9789777950664
https://www.neelwafurat.com/itempage.aspx?id=lbb135061-95118&search=books,
https://www.neelwafurat.com/itempage.aspx?id=lbb298242-285772&search=books,  ردمك: 9789959296863
https://www.neelwafurat.com/itempage.aspx?id=lbb350626-344885&search=books,  ردمك: 9786038026380
https://www.neelwafurat.com/itempage.aspx?id=lbb83051-43465&search=books,  ردمك: 1575473437
https://www.neelwafurat.com/itempage.aspx?id=lbb193884-163504&search=books,  ردمك: 9789953683102
https://www.neelwafurat.com/itempage.aspx?id=lbb29349-27698&search=books,
https://www.neelwafurat.com/itempage.aspx?id=lbb213621-186847&search=books,  ردمك: 9782745172280
https://www.neelwafurat.com/itempage.aspx?id=lbb309970-299627&search=books,  ردمك: 9789957631376
https://www.neelwafurat.com/itempage.aspx?id=lbb372263-368741&search=books,
https://www.neelwafurat.com/itempage.aspx?id=lbb118163-78289&search=books,
https://www.neelwafurat.com/itempage.aspx?id=lbb287070-272894&search=books,  ردمك: 9789957699583
https://www.neelwafurat.com/itempage.aspx?id=egb188573-5201596&search=books,  ردمك: 978977314312X
https://www.neelwafurat.com/itempage.aspx?id=egb3625-5003627&search=books,
https://www.neelwafurat.com/itempage.aspx?id=lbb125382-85512&search=books,  ردمك: 2745141791
https://www.neelwafurat.com/itempage.aspx?id=lbb213648-186874&search=books,  ردمك: 9782745174635
https://www.neelwafurat.com/itempage.aspx?id=lbb308578-298014&search=books,
https://www.neelwafurat.com/itempage.aspx?id=egb160590-5171836&search=books,
https://www.neelwafurat.com/itempage.aspx?id=egb273153-5290885&search=books,
https://www.neelwafurat.com/itempage.aspx?id=lbb28230-26601&search=books,
https://www.neelwafurat.com/itempage.aspx?id=lbb309972-299629&search=books,  ردمك: 9789957631529
https://www.neelwafurat.com/itempage.aspx?id=lbb14498-13543&search=books,
https://www.neelwafurat.com/itempage.aspx?id=lbb126824-86951&search=books,
https://www.neelwafurat.com/itempage.aspx?id=egb188836-5201835&search=books,  ردمك: 9789773144012
https://www.neelwafurat.com/itempage.aspx?id=lbb371672-368094&search=books,  ردمك: 9789933565459
https://www.neelwafurat.com/itempage.aspx?id=lbb346343-339967&search=books,  ردمك: 9789933531102
https://www.neelwafurat.com/itempage.aspx?id=egb128788-5131622&search=books,
https://www.neelwafurat.com/itempage.aspx?id=egb216257-5230542&search=books,
https://www.neelwafurat.com/itempage.aspx?id=lbb3200-3128&search=books,  ردمك: 185567042
https://www.neelwafurat.com/itempage.aspx?id=lbb309967-299624&search=books,  ردمك: 9789957631857
https://www.neelwafurat.com/itempage.aspx?id=lbb16446-15416&search=books,
https://www.neelwafurat.com/itempage.aspx?id=egb44426-5044447&search=books,  ردمك: 9789772736898
https://www.neelwafurat.com/itempage.aspx?id=lbb105791-65942&search=books,
https://www.neelwafurat.com/itempage.aspx?id=lbb36315-34523&search=books,
https://www.neelwafurat.com/itempage.aspx?id=egb67960-5067939&search=books,
https://www.neelwafurat.com/itempage.aspx?id=lbb243108-224047&search=books,  ردمك: 9789957950415
https://www.neelwafurat.com/itempage.aspx?id=lbb379408-376285&search=books,  ردمك: 9789921721430
https://www.neelwafurat.com/itempage.aspx?id=lbb137859-98186&search=books,
https://www.neelwafurat.com/itempage.aspx?id=lbb309905-299561&search=books,  ردمك: 9789957631536
https://www.neelwafurat.com/itempage.aspx?id=egb53285-5053310&search=books,  ردمك: 9789772737642
https://www.neelwafurat.com/itempage.aspx?id=lbb117176-77338&search=books,
https://www.neelwafurat.com/itempage.aspx?id=lbb129986-90116&search=books,  ردمك: 9957401505
https://www.neelwafurat.com/itempage.aspx?id=lbb29194-27545&search=books,  ردمك: 9953906106
https://www.neelwafurat.com/itempage.aspx?id=lbb379406-376283&search=books,  ردمك: 9789921721416
https://www.neelwafurat.com/itempage.aspx?id=egb158051-5169094&search=books,
https://www.neelwafurat.com/itempage.aspx?id=lbb309749-299362&search=books,  ردمك: 9786144426654
https://www.neelwafurat.com/itempage.aspx?id=lbb126854-86982&search=books,
https://www.neelwafurat.com/itempage.aspx?id=lbb277999-263330&search=books,  ردمك: 9789953137308
https://www.neelwafurat.com/itempage.aspx?id=lbb105971-66121&search=books,
https://www.neelwafurat.com/itempage.aspx?id=egb217337-5231696&search=books,
https://www.neelwafurat.com/itempage.aspx?id=lbb379405-376282&search=books,  ردمك: 9789921721409
https://www.neelwafurat.com/itempage.aspx?id=lbb80000-40466&search=books,
https://www.neelwafurat.com/itempage.aspx?id=lbb309749-312536&search=books,
https://www.neelwafurat.com/itempage.aspx?id=egb50099-5050122&search=books,
https://www.neelwafurat.com/itempage.aspx?id=lbb122810-82939&search=books,
https://www.neelwafurat.com/itempage.aspx?id=lbb358620-353584&search=books,  ردمك: 9789953887364
https://www.neelwafurat.com/itempage.aspx?id=lbb82431-42851&search=books,
https://www.neelwafurat.com/itempage.aspx?id=egb228220-5242866&search=books,  ردمك: 9789778521597
https://www.neelwafurat.com/itempage.aspx?id=lbb379404-376281&search=books,  ردمك: 9789921721393
https://www.neelwafurat.com/itempage.aspx?id=egb61316-5061344&search=books,  ردمك: 9772701087
https://www.neelwafurat.com/itempage.aspx?id=lbb210451-182366&search=books,  ردمك: 9789957224691
https://www.neelwafurat.com/itempage.aspx?id=lbb309352-298949&search=books,  ردمك: 9782745193032
https://www.neelwafurat.com/itempage.aspx?id=lbb143644-104872&search=books,
https://www.neelwafurat.com/itempage.aspx?id=lbb302366-291248&search=books,
https://www.neelwafurat.com/itempage.aspx?id=lbb379409-376286&search=books,  ردمك: 9789921721447
https://www.neelwafurat.com/itempage.aspx?id=lbb21768-20316&search=books,
https://www.neelwafurat.com/itempage.aspx?id=lbb345088-338507&search=books,  ردمك: 9789953610005
https://www.neelwafurat.com/itempage.aspx?id=lbb140862-101293&search=books,  ردمك: 9789933330736
https://www.neelwafurat.com/itempage.aspx?id=egb6287-5006302&search=books,
https://www.neelwafurat.com/itempage.aspx?id=lbb12888-12242&search=books,
https://www.neelwafurat.com/itempage.aspx?id=egb233775-5248487&search=books,
https://www.neelwafurat.com/itempage.aspx?id=lbb330236-321945&search=books,
https://www.neelwafurat.com/itempage.aspx?id=egb270583-5287969&search=books,  ردمك: 9789773584702
https://www.neelwafurat.com/itempage.aspx?id=lbb1692-1660&search=books,
https://www.neelwafurat.com/itempage.aspx?id=lbb173784-136688&search=books,
https://www.neelwafurat.com/itempage.aspx?id=lbb169570-132412&search=books,
https://www.neelwafurat.com/itempage.aspx?id=lbb129986-230951&search=books,
https://www.neelwafurat.com/itempage.aspx?id=egb220408-5234924&search=books,  ردمك: 9771422960
https://www.neelwafurat.com/itempage.aspx?id=lbb79221-39693&search=books,  ردمك: 9782745113757
https://www.neelwafurat.com/itempage.aspx?id=lbb306172-295468&search=books,  ردمك: 9789957622459
https://www.neelwafurat.com/itempage.aspx?id=egb269691-5287074&search=books,  ردمك: 9789777978741
https://www.neelwafurat.com/itempage.aspx?id=lbb35024-33252&search=books,
https://www.neelwafurat.com/itempage.aspx?id=egb122183-5123099&search=books,
https://www.neelwafurat.com/itempage.aspx?id=lbb153500-115068&search=books,  ردمك: 9786144230282
https://www.neelwafurat.com/itempage.aspx?id=egb25007-5025035&search=books,  ردمك: 9772323400
https://www.neelwafurat.com/itempage.aspx?id=lbb83548-43951&search=books,
https://www.neelwafurat.com/itempage.aspx?id=egb218520-5232873&search=books,  ردمك: 9789775154637
https://www.neelwafurat.com/itempage.aspx?id=egb2929-5002927&search=books,
https://www.neelwafurat.com/itempage.aspx?id=lbb299206-286799&search=books,  ردمك: 9789957718251
https://www.neelwafurat.com/itempage.aspx?id=egb268671-5286007&search=books,  ردمك: 9789777802246
https://www.neelwafurat.com/itempage.aspx?id=egb186379-5199326&search=books,  ردمك: 978977468955
https://www.neelwafurat.com/itempage.aspx?id=lbb129987-230952&search=books,
https://www.neelwafurat.com/itempage.aspx?id=lbb83285-43696&search=books,
https://www.neelwafurat.com/itempage.aspx?id=lbb30287-28606&search=books,  ردمك: 9782745125514
https://www.neelwafurat.com/itempage.aspx?id=lbb324858-315971&search=books,
https://www.neelwafurat.com/itempage.aspx?id=lbb305248-294528&search=books,
https://www.neelwafurat.com/itempage.aspx?id=egb51597-5051621&search=books,
https://www.neelwafurat.com/itempage.aspx?id=lbb367407-363645&search=books,
https://www.neelwafurat.com/itempage.aspx?id=lbb105808-65959&search=books,  ردمك: 9789953202648
https://www.neelwafurat.com/itempage.aspx?id=lbb129987-90117&search=books,  ردمك: 9957401513
https://www.neelwafurat.com/itempage.aspx?id=egb281312-5299468&search=books,  ردمك: 9789920727259
https://www.neelwafurat.com/itempage.aspx?id=lbb209967-181883&search=books,
https://www.neelwafurat.com/itempage.aspx?id=lbb385427-382595&search=books,
https://www.neelwafurat.com/itempage.aspx?id=lbb304541-293733&search=books,  ردمك: 9789957183493
https://www.neelwafurat.com/itempage.aspx?id=lbb260203-361342&search=books,
https://www.neelwafurat.com/itempage.aspx?id=lbb187194-156142&search=books,
https://www.neelwafurat.com/itempage.aspx?id=lbb248023-229321&search=books,
https://www.neelwafurat.com/itempage.aspx?id=lbb297109-284431&search=books,  ردمك: 9789957073619
https://www.neelwafurat.com/itempage.aspx?id=lbb121219-81348&search=books,
https://www.neelwafurat.com/itempage.aspx?id=egb234622-5249335&search=books,  ردمك: 9789774992001
https://www.neelwafurat.com/itempage.aspx?id=lbb187190-156138&search=books,
https://www.neelwafurat.com/itempage.aspx?id=lbb208765-181149&search=books,  ردمك: 9789957704292
https://www.neelwafurat.com/itempage.aspx?id=egb265461-5282541&search=books,
https://www.neelwafurat.com/itempage.aspx?id=lbb293032-279841&search=books,  ردمك: 9789957616793
https://www.neelwafurat.com/itempage.aspx?id=lbb79726-40195&search=books,  ردمك: 9789953182568
https://www.neelwafurat.com/itempage.aspx?id=lbb342786-335522&search=books,  ردمك: 9789953342146
https://www.neelwafurat.com/itempage.aspx?id=lbb8268-8119&search=books,
https://www.neelwafurat.com/itempage.aspx?id=egb220414-5234930&search=books,  ردمك: 9789771426968
https://www.neelwafurat.com/itempage.aspx?id=lbb10175-10007&search=books,
https://www.neelwafurat.com/itempage.aspx?id=egb265460-5282540&search=books,
https://www.neelwafurat.com/itempage.aspx?id=lbb235962-214980&search=books,  ردمك: 9789960552170
https://www.neelwafurat.com/itempage.aspx?id=lbb139123-99506&search=books,  ردمك: 9789957073398
https://www.neelwafurat.com/itempage.aspx?id=egb32816-5032841&search=books,  ردمك: 9789772322602
https://www.neelwafurat.com/itempage.aspx?id=lbb303485-292626&search=books,  ردمك: 9782745189981
https://www.neelwafurat.com/itempage.aspx?id=lbb249741-231248&search=books,  ردمك: 9782745173331
https://www.neelwafurat.com/itempage.aspx?id=egb1167-5001163&search=books,
https://www.neelwafurat.com/itempage.aspx?id=lbb142119-154681&search=books,  ردمك: 9789953272429
https://www.neelwafurat.com/itempage.aspx?id=egb265459-5282539&search=books,
https://www.neelwafurat.com/itempage.aspx?id=aeb431127-10431515&search=books,
https://www.neelwafurat.com/itempage.aspx?id=lbb77099-37577&search=books,  ردمك: 9789953428659
https://www.neelwafurat.com/itempage.aspx?id=lbb303501-292642&search=books,  ردمك: 9789953043357
https://www.neelwafurat.com/itempage.aspx?id=lbb208441-180783&search=books,  ردمك: 9789957770518
https://www.neelwafurat.com/itempage.aspx?id=lbb187191-156139&search=books,
https://www.neelwafurat.com/itempage.aspx?id=egb234617-5249330&search=books,  ردمك: 9789774991974
https://www.neelwafurat.com/itempage.aspx?id=lbb80756-41216&search=books,
https://www.neelwafurat.com/itempage.aspx?id=egb265458-5282538&search=books,
https://www.neelwafurat.com/itempage.aspx?id=egb188825-5201824&search=books,  ردمك: 9789773141713
https://www.neelwafurat.com/itempage.aspx?id=lbb179928-143106&search=books,
https://www.neelwafurat.com/itempage.aspx?id=lbb302447-291333&search=books,  ردمك: 9789957026509
https://www.neelwafurat.com/itempage.aspx?id=lbb204658-176563&search=books,
https://www.neelwafurat.com/itempage.aspx?id=egb107332-5106166&search=books,
https://www.neelwafurat.com/itempage.aspx?id=lbb11974-11336&search=books,  ردمك: 2910355144
https://www.neelwafurat.com/itempage.aspx?id=lbb335990-328194&search=books,  ردمك: 9789957748418
https://www.neelwafurat.com/itempage.aspx?id=lbb342049-334642&search=books,
https://www.neelwafurat.com/itempage.aspx?id=lbb126211-86339&search=books,
https://www.neelwafurat.com/itempage.aspx?id=lbb302441-291327&search=books,  ردمك: 9789557026615
https://www.neelwafurat.com/itempage.aspx?id=lbb78270-38743&search=books,  ردمك: 9782745150295
https://www.neelwafurat.com/itempage.aspx?id=lbb75347-36042&search=books,  ردمك: 2901315194
https://www.neelwafurat.com/itempage.aspx?id=lbb203229-175010&search=books,  ردمك: 9786144141304
https://www.neelwafurat.com/itempage.aspx?id=lbb289928-276512&search=books,  ردمك: 9789957612153
https://www.neelwafurat.com/itempage.aspx?id=lbb357995-352738&search=books,  ردمك: 9789957748630
https://www.neelwafurat.com/itempage.aspx?id=lbb325809-316993&search=books,
https://www.neelwafurat.com/itempage.aspx?id=lbb77102-37580&search=books,  ردمك: 9789953428550
https://www.neelwafurat.com/itempage.aspx?id=lbb302437-291323&search=books,  ردمك: 9789957026745
https://www.neelwafurat.com/itempage.aspx?id=lbb129936-230907&search=books,
https://www.neelwafurat.com/itempage.aspx?id=lbb170712-133580&search=books,  ردمك: 9789953535599
https://www.neelwafurat.com/itempage.aspx?id=egb247973-5263102&search=books,
https://www.neelwafurat.com/itempage.aspx?id=lbb200217-171892&search=books,  ردمك: 9789953567099
https://www.neelwafurat.com/itempage.aspx?id=lbb160961-123437&search=books,  ردمك: 9782745153449
https://www.neelwafurat.com/itempage.aspx?id=lbb148508-109947&search=books,  ردمك: 9957400312
https://www.neelwafurat.com/itempage.aspx?id=lbb361138-356740&search=books,  ردمك: 9789931081296
https://www.neelwafurat.com/itempage.aspx?id=lbb302433-291319&search=books,  ردمك: 9789957026561
https://www.neelwafurat.com/itempage.aspx?id=lbb289923-276507&search=books,  ردمك: 9789957612146
https://www.neelwafurat.com/itempage.aspx?id=egb112584-5131165&search=books,
https://www.neelwafurat.com/itempage.aspx?id=lbb167045-275095&search=books,
https://www.neelwafurat.com/itempage.aspx?id=lbb158533-120326&search=books,  ردمك: 9953753458
https://www.neelwafurat.com/itempage.aspx?id=egb263697-5280619&search=books,  ردمك: 9789770533499
https://www.neelwafurat.com/itempage.aspx?id=lbb302428-291314&search=books,  ردمك: 9789957026516
https://www.neelwafurat.com/itempage.aspx?id=egb184947-5197878&search=books,
https://www.neelwafurat.com/itempage.aspx?id=egb159742-5170986&search=books,
https://www.neelwafurat.com/itempage.aspx?id=egb69906-5069887&search=books,  ردمك: 9789772739776
https://www.neelwafurat.com/itempage.aspx?id=lbb269633-254217&search=books,
https://www.neelwafurat.com/itempage.aspx?id=lbb302427-291313&search=books,  ردمك: 9789975026530
https://www.neelwafurat.com/itempage.aspx?id=lbb360585-356013&search=books,  ردمك: 9789933657277
https://www.neelwafurat.com/itempage.aspx?id=lbb1274-1245&search=books,  ردمك: 9953906386
https://www.neelwafurat.com/itempage.aspx?id=egb6282-5006297&search=books,  ردمك: 9772156342
https://www.neelwafurat.com/itempage.aspx?id=lbb158460-120238&search=books,  ردمك: 9789953814926
https://www.neelwafurat.com/itempage.aspx?id=lbb199802-171433&search=books,  ردمك: 9789957741389
https://www.neelwafurat.com/itempage.aspx?id=aeb431564-10431965&search=books,  ردمك: 9789948173465
https://www.neelwafurat.com/itempage.aspx?id=lbb18196-17085&search=books,
https://www.neelwafurat.com/itempage.aspx?id=egb263213-5280128&search=books,
https://www.neelwafurat.com/itempage.aspx?id=lbb136646-96878&search=books,
https://www.neelwafurat.com/itempage.aspx?id=lbb298911-286496&search=books,  ردمك: 9789957383954
https://www.neelwafurat.com/itempage.aspx?id=lbb199803-171434&search=books,  ردمك: 9789957741372
https://www.neelwafurat.com/itempage.aspx?id=egb70088-5070069&search=books,
https://www.neelwafurat.com/itempage.aspx?id=lbb306525-295839&search=books,
https://www.neelwafurat.com/itempage.aspx?id=lbb79719-40188&search=books,  ردمك: 9789953180892
https://www.neelwafurat.com/itempage.aspx?id=lbb380006-376920&search=books,
https://www.neelwafurat.com/itempage.aspx?id=lbb320895-311536&search=books,
https://www.neelwafurat.com/itempage.aspx?id=egb262850-5279764&search=books,
https://www.neelwafurat.com/itempage.aspx?id=lbb79727-40196&search=books,  ردمك: 9789953182575
https://www.neelwafurat.com/itempage.aspx?id=egb176094-5188534&search=books,  ردمك: 9789774683802
https://www.neelwafurat.com/itempage.aspx?id=lbb160709-122633&search=books,
https://www.neelwafurat.com/itempage.aspx?id=lbb306526-295840&search=books,
https://www.neelwafurat.com/itempage.aspx?id=egb13883-5013900&search=books,
https://www.neelwafurat.com/itempage.aspx?id=lbb37417-35275&search=books,
https://www.neelwafurat.com/itempage.aspx?id=lbb346576-340333&search=books,  ردمك: 9789957550295
https://www.neelwafurat.com/itempage.aspx?id=lbb22855-21387&search=books,
https://www.neelwafurat.com/itempage.aspx?id=lbb157685-119447&search=books,
https://www.neelwafurat.com/itempage.aspx?id=lbb348934-343014&search=books,
https://www.neelwafurat.com/itempage.aspx?id=lbb363734-359544&search=books,
https://www.neelwafurat.com/itempage.aspx?id=egb262653-5279567&search=books,
https://www.neelwafurat.com/itempage.aspx?id=lbb131793-91925&search=books,
https://www.neelwafurat.com/itempage.aspx?id=lbb380001-376915&search=books,
https://www.neelwafurat.com/itempage.aspx?id=egb165780-5177349&search=books,  ردمك: 9789774689956
https://www.neelwafurat.com/itempage.aspx?id=lbb254000-236334&search=books,  ردمك: 9789947480083
https://www.neelwafurat.com/itempage.aspx?id=lbb157694-119456&search=books,
https://www.neelwafurat.com/itempage.aspx?id=egb262313-5279215&search=books,
https://www.neelwafurat.com/itempage.aspx?id=egb174827-5187221&search=books,  ردمك: 9789773143857
https://www.neelwafurat.com/itempage.aspx?id=lbb187180-156128&search=books,
https://www.neelwafurat.com/itempage.aspx?id=lbb78970-39442&search=books,  ردمك: 274511168X
https://www.neelwafurat.com/itempage.aspx?id=lbb105978-66129&search=books,
https://www.neelwafurat.com/itempage.aspx?id=lbb346571-340328&search=books,  ردمك: 9789957592714
https://www.neelwafurat.com/itempage.aspx?id=lbb260203-243367&search=books,
https://www.neelwafurat.com/itempage.aspx?id=lbb158477-120255&search=books,  ردمك: 9789953814513
https://www.neelwafurat.com/itempage.aspx?id=lbb346617-340375&search=books,
https://www.neelwafurat.com/itempage.aspx?id=egb262312-5279214&search=books,
https://www.neelwafurat.com/itempage.aspx?id=lbb282288-267515&search=books,  ردمك: 9789981254039
https://www.neelwafurat.com/itempage.aspx?id=egb14116-5014135&search=books,
https://www.neelwafurat.com/itempage.aspx?id=egb44423-5129379&search=books,
https://www.neelwafurat.com/itempage.aspx?id=lbb326598-317820&search=books,  ردمك: 9786144233597
https://www.neelwafurat.com/itempage.aspx?id=lbb244552-225518&search=books,  ردمك: 9789959855350
https://www.neelwafurat.com/itempage.aspx?id=lbb151524-113017&search=books,  ردمك: 159239597X
https://www.neelwafurat.com/itempage.aspx?id=lbb212477-185473&search=books,  ردمك: 9786039012580
https://www.neelwafurat.com/itempage.aspx?id=lbb205333-177334&search=books,
https://www.neelwafurat.com/itempage.aspx?id=egb262314-5279216&search=books,
https://www.neelwafurat.com/itempage.aspx?id=lbb116436-76599&search=books,  ردمك: 9957111981
https://www.neelwafurat.com/itempage.aspx?id=lbb114259-74418&search=books,
https://www.neelwafurat.com/itempage.aspx?id=lbb366772-362892&search=books,  ردمك: 9789957914912
https://www.neelwafurat.com/itempage.aspx?id=lbb79725-40194&search=books,  ردمك: 9789953182537
https://www.neelwafurat.com/itempage.aspx?id=lbb264042-247855&search=books,  ردمك: 9789957334673
https://www.neelwafurat.com/itempage.aspx?id=lbb336057-328262&search=books,
https://www.neelwafurat.com/itempage.aspx?id=egb144326-5154749&search=books,  ردمك: 9772662507
https://www.neelwafurat.com/itempage.aspx?id=lbb129936-90066&search=books,  ردمك: 995740120x
https://www.neelwafurat.com/itempage.aspx?id=lbb128527-88655&search=books,
https://www.neelwafurat.com/itempage.aspx?id=lbb298534-286108&search=books,  ردمك: 9789957963569
https://www.neelwafurat.com/itempage.aspx?id=lbb77931-38403&search=books,  ردمك: 9782745131355
https://www.neelwafurat.com/itempage.aspx?id=egb69687-5069668&search=books,  ردمك: 9789772739165
https://www.neelwafurat.com/itempage.aspx?id=lbb153171-114737&search=books,  ردمك: 9789953721774
https://www.neelwafurat.com/itempage.aspx?id=lbb84221-44614&search=books,
https://www.neelwafurat.com/itempage.aspx?id=lbb114855-75015&search=books,  ردمك: 9789957699198
https://www.neelwafurat.com/itempage.aspx?id=lbb15807-14805&search=books,
https://www.neelwafurat.com/itempage.aspx?id=egb70214-5070195&search=books,  ردمك: 9772714361
https://www.neelwafurat.com/itempage.aspx?id=lbb279922-264036&search=books,  ردمك: 9786144151952
https://www.neelwafurat.com/itempage.aspx?id=lbb205672-177678&search=books,  ردمك: 9782745171177
https://www.neelwafurat.com/itempage.aspx?id=lbb153171-314607&search=books,
https://www.neelwafurat.com/itempage.aspx?id=egb208499-5222107&search=books,  ردمك: 9789773144630
https://www.neelwafurat.com/itempage.aspx?id=lbb83012-43426&search=books,
https://www.neelwafurat.com/itempage.aspx?id=lbb345093-338512&search=books,  ردمك: 9789953610011
https://www.neelwafurat.com/itempage.aspx?id=lbb336914-329166&search=books,  ردمك: 9789957100407
https://www.neelwafurat.com/itempage.aspx?id=lbb306568-295909&search=books,
https://www.neelwafurat.com/itempage.aspx?id=egb143949-5154372&search=books,  ردمك: 9773751006
https://www.neelwafurat.com/itempage.aspx?id=lbb201866-173661&search=books,  ردمك: 9782745168191
https://www.neelwafurat.com/itempage.aspx?id=egb214224-5228021&search=books,
https://www.neelwafurat.com/itempage.aspx?id=egb25024-5025052&search=books,  ردمك: 9789771010336
https://www.neelwafurat.com/itempage.aspx?id=lbb1354-1325&search=books,  ردمك: 9953907161
https://www.neelwafurat.com/itempage.aspx?id=lbb345087-338506&search=books,  ردمك: 9789953610004
https://www.neelwafurat.com/itempage.aspx?id=lbb304583-293776&search=books,
https://www.neelwafurat.com/itempage.aspx?id=lbb18051-16943&search=books,
https://www.neelwafurat.com/itempage.aspx?id=lbb116437-76600&search=books,  ردمك: 9789957110932
https://www.neelwafurat.com/itempage.aspx?id=egb174654-5187023&search=books,  ردمك: 9789774950261
https://www.neelwafurat.com/itempage.aspx?id=lbb194786-164539&search=books,  ردمك: 9789957551683
https://www.neelwafurat.com/itempage.aspx?id=lbb114255-74414&search=books,
https://www.neelwafurat.com/itempage.aspx?id=egb257515-5273718&search=books,
https://www.neelwafurat.com/itempage.aspx?id=lbb181588-144975&search=books,  ردمك: 9789771611394
https://www.neelwafurat.com/itempage.aspx?id=egb6306-5006321&search=books,
https://www.neelwafurat.com/itempage.aspx?id=lbb15891-14886&search=books,
https://www.neelwafurat.com/itempage.aspx?id=egb277591-5295497&search=books,  ردمك: 9789774954306
https://www.neelwafurat.com/itempage.aspx?id=egb234635-5249348&search=books,  ردمك: 978977499712
https://www.neelwafurat.com/itempage.aspx?id=lbb197288-185226&search=books,  ردمك: 9786144217030
https://www.neelwafurat.com/itempage.aspx?id=lbb129913-90043&search=books,
https://www.neelwafurat.com/itempage.aspx?id=egb262092-5278991&search=books,
https://www.neelwafurat.com/itempage.aspx?id=lbb114257-74416&search=books,
https://www.neelwafurat.com/itempage.aspx?id=lbb129948-90078&search=books,  ردمك: 9957401059
https://www.neelwafurat.com/itempage.aspx?id=lbb249741-231238&search=books,
https://www.neelwafurat.com/itempage.aspx?id=lbb380541-377481&search=books,  ردمك: 9789954685433
https://www.neelwafurat.com/itempage.aspx?id=lbb262871-246305&search=books,  ردمك: 9789957730284
https://www.neelwafurat.com/itempage.aspx?id=lbb129912-230934&search=books,
https://www.neelwafurat.com/itempage.aspx?id=egb262095-5278994&search=books,  ردمك: 9789776547490
https://www.neelwafurat.com/itempage.aspx?id=lbb301068-289279&search=books,
https://www.neelwafurat.com/itempage.aspx?id=lbb114258-74417&search=books,
https://www.neelwafurat.com/itempage.aspx?id=lbb209428-183535&search=books,
https://www.neelwafurat.com/itempage.aspx?id=lbb197288-170173&search=books,  ردمك: 9786140101302
https://www.neelwafurat.com/itempage.aspx?id=lbb167045-129750&search=books,
https://www.neelwafurat.com/itempage.aspx?id=lbb129912-90042&search=books,  ردمك: 9957401317
https://www.neelwafurat.com/itempage.aspx?id=lbb309981-299638&search=books,  ردمك: 9789957631796
https://www.neelwafurat.com/itempage.aspx?id=egb13946-5013963&search=books,
https://www.neelwafurat.com/itempage.aspx?id=lbb37452-35310&search=books,
https://www.neelwafurat.com/itempage.aspx?id=lbb195817-165676&search=books,  ردمك: 9789953865492
https://www.neelwafurat.com/itempage.aspx?id=lbb135550-95613&search=books,  ردمك: 9782745144652
https://www.neelwafurat.com/itempage.aspx?id=egb242086-5257159&search=books,  ردمك: 9789779115917
https://www.neelwafurat.com/itempage.aspx?id=lbb1265-1236&search=books,  ردمك: 9953906211
https://www.neelwafurat.com/itempage.aspx?id=lbb191835-160988&search=books,  ردمك: 9789995810436
https://www.neelwafurat.com/itempage.aspx?id=lbb33465-31718&search=books,
https://www.neelwafurat.com/itempage.aspx?id=egb191754-5204790&search=books,  ردمك: 9773391965
https://www.neelwafurat.com/itempage.aspx?id=egb255543-5271632&search=books,
https://www.neelwafurat.com/itempage.aspx?id=lbb190924-160051&search=books,
https://www.neelwafurat.com/itempage.aspx?id=lbb189893-158971&search=books,  ردمك: 9786144001431
