Name,Price,Link
كايو يطلب ما يحتاج,,https://www.neelwafurat.com/itempage.aspx?id=lbb389575-387900&search=books
كايو يتعلم تنظيم و,120.00 جنيه ,https://www.neelwafurat.com/itempage.aspx?id=lbb390428-387794&search=books
الحياة السرية للإص,108.00 جنيه ,https://www.neelwafurat.com/itempage.aspx?id=lbb390429-387795&search=books
THE LITTLE GIRL WI,150.00 جنيه ,https://www.neelwafurat.com/itempage.aspx?id=lbb390387-387753&search=books
رحلة إلى الشاطئ ؛ ,330.00 جنيه ,https://www.neelwafurat.com/itempage.aspx?id=lbb390375-387737&search=books
أحبه لأنه رسول الل,150.00 جنيه ,https://www.neelwafurat.com/itempage.aspx?id=lbb390316-387677&search=books
سنا المهارات : الو,210.00 جنيه ,https://www.neelwafurat.com/itempage.aspx?id=lbb389643-386963&search=books
When Will It Snow ,330.00 جنيه ,https://www.neelwafurat.com/itempage.aspx?id=lbb389164-386457&search=books
The Magic Melon : ,330.00 جنيه ,https://www.neelwafurat.com/itempage.aspx?id=lbb389165-386458&search=books
How Elephants Lost,330.00 جنيه ,https://www.neelwafurat.com/itempage.aspx?id=lbb389168-386461&search=books
The Daydreamer : ح,330.00 جنيه ,https://www.neelwafurat.com/itempage.aspx?id=lbb389169-386462&search=books
Old Mother Hubbard,330.00 جنيه ,https://www.neelwafurat.com/itempage.aspx?id=lbb389170-386463&search=books
The Sun And The Wi,330.00 جنيه ,https://www.neelwafurat.com/itempage.aspx?id=lbb389171-386464&search=books
The Fox And The St,330.00 جنيه ,https://www.neelwafurat.com/itempage.aspx?id=lbb389172-386465&search=books
The Emperor's New ,270.00 جنيه ,https://www.neelwafurat.com/itempage.aspx?id=lbb389177-386470&search=books
The Ghost Fish : س,330.00 جنيه ,https://www.neelwafurat.com/itempage.aspx?id=lbb389176-386469&search=books
Zog And Zebra : زو,210.00 جنيه ,https://www.neelwafurat.com/itempage.aspx?id=lbb389174-386467&search=books
Pickles And Bubble,270.00 جنيه ,https://www.neelwafurat.com/itempage.aspx?id=lbb389179-386472&search=books
Footprints In The ,330.00 جنيه ,https://www.neelwafurat.com/itempage.aspx?id=lbb389181-386474&search=books
The Lost Kittens :,330.00 جنيه ,https://www.neelwafurat.com/itempage.aspx?id=lbb389182-386475&search=books
"Bad Dog, Digby! : ",330.00 جنيه ,https://www.neelwafurat.com/itempage.aspx?id=lbb389184-386477&search=books
"على جناح طائر "" رو",360.00 جنيه ,https://www.neelwafurat.com/itempage.aspx?id=lbb389080-386354&search=books
عوالم لانزا الخفية,243.00 جنيه ,https://www.neelwafurat.com/itempage.aspx?id=lbb388962-386234&search=books
Lobster's Secret :,210.00 جنيه ,https://www.neelwafurat.com/itempage.aspx?id=lbb388888-386160&search=books
حسناء,72.00 جنيه ,https://www.neelwafurat.com/itempage.aspx?id=lbb390432-387800&search=books
النجوم في القصر,72.00 جنيه ,https://www.neelwafurat.com/itempage.aspx?id=lbb390433-387801&search=books
أفكاري,84.00 جنيه ,https://www.neelwafurat.com/itempage.aspx?id=lbb390434-387802&search=books
مشاعري,84.00 جنيه ,https://www.neelwafurat.com/itempage.aspx?id=lbb390435-387803&search=books
أهلاَ رمضان,96.00 جنيه ,https://www.neelwafurat.com/itempage.aspx?id=lbb390436-387804&search=books
أنا والبحر,96.00 جنيه ,https://www.neelwafurat.com/itempage.aspx?id=lbb390437-387805&search=books
رقص الألوان,96.00 جنيه ,https://www.neelwafurat.com/itempage.aspx?id=lbb390438-387806&search=books
جيران جمولة,96.00 جنيه ,https://www.neelwafurat.com/itempage.aspx?id=lbb390439-387807&search=books
قصة شعري الجديدة,96.00 جنيه ,https://www.neelwafurat.com/itempage.aspx?id=lbb390440-387808&search=books
سارة في صف رامي,72.00 جنيه ,https://www.neelwafurat.com/itempage.aspx?id=lbb390441-387809&search=books
ماذا فعل مازن بدرا,72.00 جنيه ,https://www.neelwafurat.com/itempage.aspx?id=lbb390253-387609&search=books
مجموعة الصيادين,72.00 جنيه ,https://www.neelwafurat.com/itempage.aspx?id=lbb390252-387608&search=books
كنز في خزينة الملك,72.00 جنيه ,https://www.neelwafurat.com/itempage.aspx?id=lbb390251-387607&search=books
الخروف الأحمر,72.00 جنيه ,https://www.neelwafurat.com/itempage.aspx?id=lbb390250-387606&search=books
ضوء في الظلام,84.00 جنيه ,https://www.neelwafurat.com/itempage.aspx?id=lbb390249-387605&search=books
الدمية ذات الأصابع,72.00 جنيه ,https://www.neelwafurat.com/itempage.aspx?id=lbb390248-387604&search=books
حكاية جمل شجاع,72.00 جنيه ,https://www.neelwafurat.com/itempage.aspx?id=lbb390247-387603&search=books
حراس الليل,72.00 جنيه ,https://www.neelwafurat.com/itempage.aspx?id=lbb390246-387602&search=books
سمكة واحدة فقط,72.00 جنيه ,https://www.neelwafurat.com/itempage.aspx?id=lbb390245-387601&search=books
كرة القدم العجيبة,96.00 جنيه ,https://www.neelwafurat.com/itempage.aspx?id=lbb390244-387600&search=books
سر عازف الناي,96.00 جنيه ,https://www.neelwafurat.com/itempage.aspx?id=lbb390243-387599&search=books
زارع البطيخ,127.50 جنيه ,https://www.neelwafurat.com/itempage.aspx?id=lbb390562-387932&search=books
لقد كبرت يا مها !,153.00 جنيه ,https://www.neelwafurat.com/itempage.aspx?id=lbb390563-387933&search=books
عودة القط أوسكار !,153.00 جنيه ,https://www.neelwafurat.com/itempage.aspx?id=lbb390564-387934&search=books
ثعلب في بيتي !,153.00 جنيه ,https://www.neelwafurat.com/itempage.aspx?id=lbb390565-387935&search=books
سومر والديناصورات,76.50 جنيه ,https://www.neelwafurat.com/itempage.aspx?id=lbb390566-387936&search=books
بطيخ على سطح المري,127.50 جنيه ,https://www.neelwafurat.com/itempage.aspx?id=lbb390532-387902&search=books
مشوار سلحفاة,127.50 جنيه ,https://www.neelwafurat.com/itempage.aspx?id=lbb390533-387903&search=books
حكايتي والتمساح ال,153.00 جنيه ,https://www.neelwafurat.com/itempage.aspx?id=lbb390535-387905&search=books
إنه مختلف,127.50 جنيه ,https://www.neelwafurat.com/itempage.aspx?id=lbb390536-387906&search=books
قطة سوداء,102.00 جنيه ,https://www.neelwafurat.com/itempage.aspx?id=lbb390537-387907&search=books
تسنيم ، رنيم والور,153.00 جنيه ,https://www.neelwafurat.com/itempage.aspx?id=lbb390538-387908&search=books
البنت التي غلبت ال,127.50 جنيه ,https://www.neelwafurat.com/itempage.aspx?id=lbb390539-387909&search=books
أنا لست شقياَ !,153.00 جنيه ,https://www.neelwafurat.com/itempage.aspx?id=lbb390540-387910&search=books
جوارب جدتي,153.00 جنيه ,https://www.neelwafurat.com/itempage.aspx?id=lbb390541-387911&search=books
هزة خفيفة لطيفة,127.50 جنيه ,https://www.neelwafurat.com/itempage.aspx?id=lbb390542-387912&search=books
الحذاء الكبير,63.00 جنيه ,https://www.neelwafurat.com/itempage.aspx?id=lbb129675-178232&search=books
الحلم,63.00 جنيه ,https://www.neelwafurat.com/itempage.aspx?id=lbb129677-178230&search=books
صانع الأحذية,63.00 جنيه ,https://www.neelwafurat.com/itempage.aspx?id=lbb129696-178228&search=books
جارتنا,63.00 جنيه ,https://www.neelwafurat.com/itempage.aspx?id=lbb129695-178227&search=books
سمير الخبير الكبير,63.00 جنيه ,https://www.neelwafurat.com/itempage.aspx?id=lbb129694-178226&search=books
ريم وسليم,63.00 جنيه ,https://www.neelwafurat.com/itempage.aspx?id=lbb129693-178225&search=books
الصغيرة والدب,63.00 جنيه ,https://www.neelwafurat.com/itempage.aspx?id=lbb129692-178224&search=books
رزمة سمير الخبير ا,63.00 جنيه ,https://www.neelwafurat.com/itempage.aspx?id=lbb129690-178222&search=books
سمير الخبير الكبير,63.00 جنيه ,https://www.neelwafurat.com/itempage.aspx?id=lbb129689-178221&search=books
فصيح ونبتة الفاصول,63.00 جنيه ,https://www.neelwafurat.com/itempage.aspx?id=lbb129688-178220&search=books
سمير الخبير الكبير,63.00 جنيه ,https://www.neelwafurat.com/itempage.aspx?id=lbb129687-178219&search=books
إنقاذ في البحر,63.00 جنيه ,https://www.neelwafurat.com/itempage.aspx?id=lbb129686-178218&search=books
الدجاجة الصغيرة ال,90.00 جنيه ,https://www.neelwafurat.com/itempage.aspx?id=lbb129721-89851&search=books
ألعاب المرتفعات,63.00 جنيه ,https://www.neelwafurat.com/itempage.aspx?id=lbb129685-178214&search=books
مفقودون في الضباب,63.00 جنيه ,https://www.neelwafurat.com/itempage.aspx?id=lbb129684-178213&search=books
قطيع المرتفعات,63.00 جنيه ,https://www.neelwafurat.com/itempage.aspx?id=lbb129683-178212&search=books
مباراة شد الحبل,63.00 جنيه ,https://www.neelwafurat.com/itempage.aspx?id=lbb129682-178211&search=books
التلميذ الجديد,63.00 جنيه ,https://www.neelwafurat.com/itempage.aspx?id=lbb129681-178210&search=books
قدر الطبخ,63.00 جنيه ,https://www.neelwafurat.com/itempage.aspx?id=lbb129680-178209&search=books
فارس القلعة,63.00 جنيه ,https://www.neelwafurat.com/itempage.aspx?id=lbb129679-178208&search=books
الأميرة وحبة الزيت,63.00 جنيه ,https://www.neelwafurat.com/itempage.aspx?id=lbb129678-178207&search=books
صانع الأحذية,90.00 جنيه ,https://www.neelwafurat.com/itempage.aspx?id=lbb129696-89826&search=books
جارتنا,90.00 جنيه ,https://www.neelwafurat.com/itempage.aspx?id=lbb129695-89825&search=books
ناجي الذكي,63.00 جنيه ,https://www.neelwafurat.com/itempage.aspx?id=lbb129991-178203&search=books
الذئب والجديان,63.00 جنيه ,https://www.neelwafurat.com/itempage.aspx?id=lbb130009-178202&search=books
فرخ البط البشع,63.00 جنيه ,https://www.neelwafurat.com/itempage.aspx?id=lbb130008-178201&search=books
منزل القش,63.00 جنيه ,https://www.neelwafurat.com/itempage.aspx?id=lbb130007-178200&search=books
بحيرة النجوم,63.00 جنيه ,https://www.neelwafurat.com/itempage.aspx?id=lbb130006-178199&search=books
نادر يخفي الدب الأ,63.00 جنيه ,https://www.neelwafurat.com/itempage.aspx?id=lbb130005-178198&search=books
الدب الأحمر يذهب إ,63.00 جنيه ,https://www.neelwafurat.com/itempage.aspx?id=lbb130004-178197&search=books
ليلى تفقد الدب الأ,63.00 جنيه ,https://www.neelwafurat.com/itempage.aspx?id=lbb130003-178196&search=books
الجداء الثلاثة,63.00 جنيه ,https://www.neelwafurat.com/itempage.aspx?id=lbb130002-178195&search=books
السترة الضائعة,63.00 جنيه ,https://www.neelwafurat.com/itempage.aspx?id=lbb130001-178194&search=books
ذئب... ذئب,63.00 جنيه ,https://www.neelwafurat.com/itempage.aspx?id=lbb130000-178193&search=books
علبة الطعام الفارغ,63.00 جنيه ,https://www.neelwafurat.com/itempage.aspx?id=lbb129999-178192&search=books
الأرجوحة,63.00 جنيه ,https://www.neelwafurat.com/itempage.aspx?id=lbb129998-178191&search=books
الكلب الأناني,63.00 جنيه ,https://www.neelwafurat.com/itempage.aspx?id=lbb129997-178190&search=books
الأرنب والسلحفاة,63.00 جنيه ,https://www.neelwafurat.com/itempage.aspx?id=lbb129996-178189&search=books
الأولاد الآليون,63.00 جنيه ,https://www.neelwafurat.com/itempage.aspx?id=lbb129995-178188&search=books
وقت العشاء,63.00 جنيه ,https://www.neelwafurat.com/itempage.aspx?id=lbb129992-178187&search=books
ناجي المشاغب,63.00 جنيه ,https://www.neelwafurat.com/itempage.aspx?id=lbb129993-178186&search=books
JOJO Le Clown,120.00 جنيه ,https://www.neelwafurat.com/itempage.aspx?id=lbb128883-89013&search=books
Le Coq et le Renar,120.00 جنيه ,https://www.neelwafurat.com/itempage.aspx?id=lbb128882-89012&search=books
Le Fidele Jean,108.00 جنيه ,https://www.neelwafurat.com/itempage.aspx?id=lbb128881-89011&search=books
بضع ساعات في المزر,90.00 جنيه ,https://www.neelwafurat.com/itempage.aspx?id=lbb128846-88976&search=books
اليوم الأول في حدي,90.00 جنيه ,https://www.neelwafurat.com/itempage.aspx?id=lbb128844-88974&search=books
العطلة في الجبال,90.00 جنيه ,https://www.neelwafurat.com/itempage.aspx?id=lbb128845-88975&search=books
العطلة على شاطئ ال,90.00 جنيه ,https://www.neelwafurat.com/itempage.aspx?id=lbb128843-88973&search=books
علاء الدين والفانو,105.00 جنيه ,https://www.neelwafurat.com/itempage.aspx?id=lbb128699-88827&search=books
سلسلة مذكرات الآنس,120.00 جنيه ,https://www.neelwafurat.com/itempage.aspx?id=lbb128982-89112&search=books
بياض الثلج والأقزا,105.00 جنيه ,https://www.neelwafurat.com/itempage.aspx?id=lbb128701-88829&search=books
الشقراء والدببة ال,105.00 جنيه ,https://www.neelwafurat.com/itempage.aspx?id=lbb128700-88828&search=books
سلسلة قصة المختار ,240.00 جنيه ,https://www.neelwafurat.com/itempage.aspx?id=lbb128732-88861&search=books
نار في الجنوب,108.00 جنيه ,https://www.neelwafurat.com/itempage.aspx?id=lbb18537-17413&search=books
ثياب الإمبراطور ال,105.00 جنيه ,https://www.neelwafurat.com/itempage.aspx?id=lbb128254-88382&search=books
جندي الرصاص الصغير,105.00 جنيه ,https://www.neelwafurat.com/itempage.aspx?id=lbb128253-88381&search=books
الجميلة والوحش,105.00 جنيه ,https://www.neelwafurat.com/itempage.aspx?id=lbb128251-88379&search=books
جاد وحبات الفاصولي,105.00 جنيه ,https://www.neelwafurat.com/itempage.aspx?id=lbb128252-88380&search=books
من أنا ؟!,144.00 جنيه ,https://www.neelwafurat.com/itempage.aspx?id=lbb128390-88518&search=books
الجوهرة الحمراء,108.00 جنيه ,https://www.neelwafurat.com/itempage.aspx?id=lbb128411-88539&search=books
انا الحياة,132.00 جنيه ,https://www.neelwafurat.com/itempage.aspx?id=lbb376954-373628&search=books
صديقي العصفور,32.00 جنيه ,https://www.neelwafurat.com/itempage.aspx?id=egb262485-5279396&search=books
من يمكنه التدحرج؟,32.00 جنيه ,https://www.neelwafurat.com/itempage.aspx?id=egb262531-5279443&search=books
A Winters Tale,120.00 جنيه ,https://www.neelwafurat.com/itempage.aspx?id=lbb364021-359900&search=books
Mickey,55.00 جنيه ,https://www.neelwafurat.com/itempage.aspx?id=egb261037-5277813&search=books
جزيرة المحبة,132.00 جنيه ,https://www.neelwafurat.com/itempage.aspx?id=lbb376953-373627&search=books
سلسلة أصحاب المعجز,110.00 جنيه ,https://www.neelwafurat.com/itempage.aspx?id=egb265301-5282374&search=books
هيفاء ملكة الأزياء,285.00 جنيه ,https://www.neelwafurat.com/itempage.aspx?id=aeb423677-10423756&search=books
الصياد والعنكبة,40.00 جنيه ,https://www.neelwafurat.com/itempage.aspx?id=egb263750-5280672&search=books
زمن الصمت,132.00 جنيه ,https://www.neelwafurat.com/itempage.aspx?id=lbb376952-373626&search=books
أكتب وأمسح (englis,40.00 جنيه ,https://www.neelwafurat.com/itempage.aspx?id=egb263723-5280645&search=books
عيسى والنفخة العجي,31.50 جنيه ,https://www.neelwafurat.com/itempage.aspx?id=egb265300-5282373&search=books
 صاحب الجناح,132.00 جنيه ,https://www.neelwafurat.com/itempage.aspx?id=lbb376951-373625&search=books
صديقتي الحميمة,32.00 جنيه ,https://www.neelwafurat.com/itempage.aspx?id=egb262484-5279395&search=books
يونس وسيد البحار,31.50 جنيه ,https://www.neelwafurat.com/itempage.aspx?id=egb265299-5282372&search=books
موسى والعصا,31.50 جنيه ,https://www.neelwafurat.com/itempage.aspx?id=egb265298-5282371&search=books
A Midsummer Nights,120.00 جنيه ,https://www.neelwafurat.com/itempage.aspx?id=lbb364020-359899&search=books
عندما عاد السندباد,132.00 جنيه ,https://www.neelwafurat.com/itempage.aspx?id=lbb376950-373624&search=books
Histoire De Babar ,90.00 جنيه ,https://www.neelwafurat.com/itempage.aspx?id=lbb379162-376034&search=books
قرية وادي الزهور,132.00 جنيه ,https://www.neelwafurat.com/itempage.aspx?id=lbb376949-373623&search=books
سلسلة المكتبة الزر,344.50 جنيه ,https://www.neelwafurat.com/itempage.aspx?id=egb265278-5282351&search=books
The Tempest,120.00 جنيه ,https://www.neelwafurat.com/itempage.aspx?id=lbb364019-359898&search=books
كناس الحي,132.00 جنيه ,https://www.neelwafurat.com/itempage.aspx?id=lbb376948-373622&search=books
سليمان في البستان,31.50 جنيه ,https://www.neelwafurat.com/itempage.aspx?id=egb265297-5282370&search=books
لا أملك شيئاً,90.00 جنيه ,https://www.neelwafurat.com/itempage.aspx?id=lbb362821-358571&search=books
حكاية بابار - الفي,90.00 جنيه ,https://www.neelwafurat.com/itempage.aspx?id=lbb379158-376030&search=books
أريد أن أكون مهندس,72.00 جنيه ,https://www.neelwafurat.com/itempage.aspx?id=lbb382541-379566&search=books
خطة سرية جدًا,39.50 جنيه ,https://www.neelwafurat.com/itempage.aspx?id=egb265277-5282350&search=books
Hamlet - Prince Of,120.00 جنيه ,https://www.neelwafurat.com/itempage.aspx?id=lbb364018-359897&search=books
الشبح الوردي,39.50 جنيه ,https://www.neelwafurat.com/itempage.aspx?id=egb265276-5282349&search=books
فريق المشمش,20.00 جنيه ,https://www.neelwafurat.com/itempage.aspx?id=egb260633-5277382&search=books
شجاعة ريم,90.00 جنيه ,https://www.neelwafurat.com/itempage.aspx?id=lbb362927-358677&search=books
ما أجمل الصداقة,90.00 جنيه ,https://www.neelwafurat.com/itempage.aspx?id=lbb362926-358676&search=books
هدية زوجتي,39.50 جنيه ,https://www.neelwafurat.com/itempage.aspx?id=egb265275-5282348&search=books
التواضع,20.00 جنيه ,https://www.neelwafurat.com/itempage.aspx?id=egb263746-5280668&search=books
أبطال ديزني,25.00 جنيه ,https://www.neelwafurat.com/itempage.aspx?id=egb260632-5277381&search=books
ماما بطة,39.50 جنيه ,https://www.neelwafurat.com/itempage.aspx?id=egb265274-5282347&search=books
الطبيعة,20.00 جنيه ,https://www.neelwafurat.com/itempage.aspx?id=egb260696-5277455&search=books
شارع أم حديقة حيوا,32.00 جنيه ,https://www.neelwafurat.com/itempage.aspx?id=egb262476-5279387&search=books
السمك الطائر,300.00 جنيه ,https://www.neelwafurat.com/itempage.aspx?id=lbb375904-372553&search=books
سلسلة لا شيء محال,157.00 جنيه ,https://www.neelwafurat.com/itempage.aspx?id=egb265296-5282369&search=books
الجينات,25.00 جنيه ,https://www.neelwafurat.com/itempage.aspx?id=egb260630-5277379&search=books
السحر,20.00 جنيه ,https://www.neelwafurat.com/itempage.aspx?id=egb260695-5277454&search=books
الأميرة القاسية,40.00 جنيه ,https://www.neelwafurat.com/itempage.aspx?id=egb263742-5280664&search=books
البرتقالة الأولى,20.00 جنيه ,https://www.neelwafurat.com/itempage.aspx?id=egb263743-5280665&search=books
التربية الأخلاقية ,356.25 جنيه ,https://www.neelwafurat.com/itempage.aspx?id=aeb425180-10425330&search=books
An Angel Doctor Go,120.00 جنيه ,https://www.neelwafurat.com/itempage.aspx?id=lbb343770-337114&search=books
السماء,20.00 جنيه ,https://www.neelwafurat.com/itempage.aspx?id=egb260694-5277453&search=books
عرفت ماذا أفعل!,315.00 جنيه ,https://www.neelwafurat.com/itempage.aspx?id=lbb375905-372554&search=books
Dawood loves his b,540.00 جنيه ,https://www.neelwafurat.com/itempage.aspx?id=aeb423504-10423574&search=books
الطعام,20.00 جنيه ,https://www.neelwafurat.com/itempage.aspx?id=egb260693-5277452&search=books
الأرض,120.00 جنيه ,https://www.neelwafurat.com/itempage.aspx?id=egb260629-5277378&search=books
مجموعة قصص السلوكي,330.00 جنيه ,https://www.neelwafurat.com/itempage.aspx?id=lbb359239-354452&search=books
Diaries of the Que,120.00 جنيه ,https://www.neelwafurat.com/itempage.aspx?id=lbb343771-337115&search=books
مكتب التحقيقات الس,"1,320.00 جنيه ",https://www.neelwafurat.com/itempage.aspx?id=lbb376945-373619&search=books
سلسلة جدي العبقري,"1,320.00 جنيه ",https://www.neelwafurat.com/itempage.aspx?id=lbb376946-373620&search=books
Disney,55.00 جنيه ,https://www.neelwafurat.com/itempage.aspx?id=egb261036-5277812&search=books
Looking For a Sing,120.00 جنيه ,https://www.neelwafurat.com/itempage.aspx?id=lbb343772-337116&search=books
الحيوانات,120.00 جنيه ,https://www.neelwafurat.com/itempage.aspx?id=egb260628-5277377&search=books
هدية زوجتي,90.00 جنيه ,https://www.neelwafurat.com/itempage.aspx?id=lbb362831-358581&search=books
حياة يسوع المسيح,216.00 جنيه ,https://www.neelwafurat.com/itempage.aspx?id=lbb216302-190171&search=books
أحسنت يا نديم,180.00 جنيه ,https://www.neelwafurat.com/itempage.aspx?id=lbb195960-165888&search=books
هل يعتذر الثلاثة,180.00 جنيه ,https://www.neelwafurat.com/itempage.aspx?id=lbb195959-165887&search=books
الأسد المغرور - ال,96.00 جنيه ,https://www.neelwafurat.com/itempage.aspx?id=lbb139441-99824&search=books
لماذا غضب سمير؟,180.00 جنيه ,https://www.neelwafurat.com/itempage.aspx?id=lbb195958-165886&search=books
أنا رسمت النقطة,90.00 جنيه ,https://www.neelwafurat.com/itempage.aspx?id=aeb431300-10431688&search=books
فريد ليس فظاً,180.00 جنيه ,https://www.neelwafurat.com/itempage.aspx?id=lbb195957-165885&search=books
حلم ابراهيم,180.00 جنيه ,https://www.neelwafurat.com/itempage.aspx?id=lbb195956-165884&search=books
الفئران التي تأكل ,90.00 جنيه ,https://www.neelwafurat.com/itempage.aspx?id=lbb181752-145161&search=books
سلسلة ظريفة,120.00 جنيه ,https://www.neelwafurat.com/itempage.aspx?id=lbb192206-161513&search=books
أم الشراغف,105.00 جنيه ,https://www.neelwafurat.com/itempage.aspx?id=lbb172316-135190&search=books
تسلية بقلم الرصاص,162.00 جنيه ,https://www.neelwafurat.com/itempage.aspx?id=lbb216300-190169&search=books
سلسلة روضة البراعم,"2,040.00 جنيه ",https://www.neelwafurat.com/itempage.aspx?id=lbb359202-354414&search=books
toothy my wiggly w,135.00 جنيه ,https://www.neelwafurat.com/itempage.aspx?id=lbb195963-175037&search=books
أرنوب يحلم بالعسل,120.00 جنيه ,https://www.neelwafurat.com/itempage.aspx?id=lbb89266-197183&search=books
look and see Guess,135.00 جنيه ,https://www.neelwafurat.com/itempage.aspx?id=lbb195969-175045&search=books
Faith is a Pure Ad,480.00 جنيه ,https://www.neelwafurat.com/itempage.aspx?id=lbb359201-354413&search=books
Artistic Taste,480.00 جنيه ,https://www.neelwafurat.com/itempage.aspx?id=lbb359200-354412&search=books
my five senses,135.00 جنيه ,https://www.neelwafurat.com/itempage.aspx?id=lbb195968-175035&search=books
where is my hat?,135.00 جنيه ,https://www.neelwafurat.com/itempage.aspx?id=lbb195967-175031&search=books
look and see many ,135.00 جنيه ,https://www.neelwafurat.com/itempage.aspx?id=lbb195966-175043&search=books
look and see many ,135.00 جنيه ,https://www.neelwafurat.com/itempage.aspx?id=lbb195965-175041&search=books
look and see many ,135.00 جنيه ,https://www.neelwafurat.com/itempage.aspx?id=lbb195964-175039&search=books
what is in my pock,135.00 جنيه ,https://www.neelwafurat.com/itempage.aspx?id=lbb195962-175033&search=books
القنفذ وأصدقاء الغ,120.00 جنيه ,https://www.neelwafurat.com/itempage.aspx?id=lbb89265-197182&search=books
أنا وعمتي,162.00 جنيه ,https://www.neelwafurat.com/itempage.aspx?id=lbb236876-215931&search=books
فادي والفارس الشري,600.00 جنيه ,https://www.neelwafurat.com/itempage.aspx?id=aeb432352-10432864&search=books
Le secret de l'erm,360.00 جنيه ,https://www.neelwafurat.com/itempage.aspx?id=lbb219982-195634&search=books
بلهاء ليست حمقاء,600.00 جنيه ,https://www.neelwafurat.com/itempage.aspx?id=aeb432356-10432868&search=books
رحلة ادوارد تولين ,750.00 جنيه ,https://www.neelwafurat.com/itempage.aspx?id=lbb206159-178294&search=books
القاق وجرة الماء,90.00 جنيه ,https://www.neelwafurat.com/itempage.aspx?id=lbb181754-145163&search=books
حليمة تضع البيض,600.00 جنيه ,https://www.neelwafurat.com/itempage.aspx?id=aeb432354-10432866&search=books
حين ماتت تمارا وتا,660.00 جنيه ,https://www.neelwafurat.com/itempage.aspx?id=lbb226634-204732&search=books
Beyrouth La pierre,360.00 جنيه ,https://www.neelwafurat.com/itempage.aspx?id=lbb219987-195639&search=books
النسناس والتمساح,90.00 جنيه ,https://www.neelwafurat.com/itempage.aspx?id=lbb181755-145164&search=books
حليمة تخدع الديوك,600.00 جنيه ,https://www.neelwafurat.com/itempage.aspx?id=aeb432355-10432867&search=books
لونها الخاص,120.00 جنيه ,https://www.neelwafurat.com/itempage.aspx?id=lbb201403-173114&search=books
وضحى: الفراشة الصح,165.00 جنيه ,https://www.neelwafurat.com/itempage.aspx?id=lbb201402-173113&search=books
عالم الصداقة الرائ,90.00 جنيه ,https://www.neelwafurat.com/itempage.aspx?id=aeb429548-10429892&search=books
آخر قطيع الذئاب,204.00 جنيه ,https://www.neelwafurat.com/itempage.aspx?id=lbb198726-170309&search=books
أوسكار والتنين الج,600.00 جنيه ,https://www.neelwafurat.com/itempage.aspx?id=aeb432358-10432870&search=books
لا تدخل الوحش!,600.00 جنيه ,https://www.neelwafurat.com/itempage.aspx?id=aeb432353-10432865&search=books
حواديت الأحلام,345.00 جنيه ,https://www.neelwafurat.com/itempage.aspx?id=lbb238716-217876&search=books
منظمة المؤتمر الإس,288.00 جنيه ,https://www.neelwafurat.com/itempage.aspx?id=lbb193684-163289&search=books
ذيل أبي بريص,105.00 جنيه ,https://www.neelwafurat.com/itempage.aspx?id=lbb172317-135191&search=books
القطة تساعد الآخري,105.00 جنيه ,https://www.neelwafurat.com/itempage.aspx?id=lbb195982-165945&search=books
النجمة,105.00 جنيه ,https://www.neelwafurat.com/itempage.aspx?id=lbb195981-165943&search=books
انتقال الحلزون,105.00 جنيه ,https://www.neelwafurat.com/itempage.aspx?id=lbb172318-135192&search=books
القط والجرس,105.00 جنيه ,https://www.neelwafurat.com/itempage.aspx?id=lbb172324-135198&search=books
منزل السنجاب,94.50 جنيه ,https://www.neelwafurat.com/itempage.aspx?id=lbb172331-135205&search=books
العصفور الخجول,94.50 جنيه ,https://www.neelwafurat.com/itempage.aspx?id=lbb172330-135204&search=books
الأميرة شارلوت وال,90.00 جنيه ,https://www.neelwafurat.com/itempage.aspx?id=lbb174545-137490&search=books
القنفذ والتفاح,94.50 جنيه ,https://www.neelwafurat.com/itempage.aspx?id=lbb172329-135203&search=books
لون وتعلم الحروف,3.50 جنيه ,https://www.neelwafurat.com/itempage.aspx?id=egb170222-5181797&search=books
اليراعة الوحيدة,105.00 جنيه ,https://www.neelwafurat.com/itempage.aspx?id=lbb172327-135201&search=books
"مهمة السيدة علية """,50.00 جنيه ,https://www.neelwafurat.com/itempage.aspx?id=egb133145-5136330&search=books
النمل النشيط,94.50 جنيه ,https://www.neelwafurat.com/itempage.aspx?id=lbb172326-135200&search=books
بامبي,90.00 جنيه ,https://www.neelwafurat.com/itempage.aspx?id=lbb238728-217888&search=books
المتفاخرون,105.00 جنيه ,https://www.neelwafurat.com/itempage.aspx?id=lbb172325-135199&search=books
أجمل قصص العالم,645.00 جنيه ,https://www.neelwafurat.com/itempage.aspx?id=lbb196140-166103&search=books
زنبقة الصخرة,165.00 جنيه ,https://www.neelwafurat.com/itempage.aspx?id=lbb108745-68902&search=books
مكة المكرمة عبر ال,183.60 جنيه ,https://www.neelwafurat.com/itempage.aspx?id=egb216282-5230567&search=books
أوراق النبات,90.00 جنيه ,https://www.neelwafurat.com/itempage.aspx?id=lbb119863-79990&search=books
أخي الصغير,165.00 جنيه ,https://www.neelwafurat.com/itempage.aspx?id=lbb108869-69026&search=books
الصخرة والبحر,72.00 جنيه ,https://www.neelwafurat.com/itempage.aspx?id=lbb83683-44083&search=books
مغارة الزيت,130.50 جنيه ,https://www.neelwafurat.com/itempage.aspx?id=lbb155841-117527&search=books
جان بول سارتر,96.00 جنيه ,https://www.neelwafurat.com/itempage.aspx?id=lbb94413-54674&search=books
ابن الرزاز- أبو عل,3.30 جنيه ,https://www.neelwafurat.com/itempage.aspx?id=egb7690-5007704&search=books
لغز عصابة الإسكندر,72.00 جنيه ,https://www.neelwafurat.com/itempage.aspx?id=lbb90690-51005&search=books
التاجر الأمين,90.00 جنيه ,https://www.neelwafurat.com/itempage.aspx?id=lbb131074-91205&search=books
الغرفة السرية، قصص,180.00 جنيه ,https://www.neelwafurat.com/itempage.aspx?id=lbb89817-50135&search=books
الطريق إلى يثرب,76.50 جنيه ,https://www.neelwafurat.com/itempage.aspx?id=lbb83276-43687&search=books
قصص ممتعة,102.00 جنيه ,https://www.neelwafurat.com/itempage.aspx?id=lbb83530-43934&search=books
Black House,150.00 جنيه ,https://www.neelwafurat.com/itempage.aspx?id=lbb108557-68714&search=books
Robinson Crusoe,150.00 جنيه ,https://www.neelwafurat.com/itempage.aspx?id=lbb108570-68727&search=books
King Solomon's Min,150.00 جنيه ,https://www.neelwafurat.com/itempage.aspx?id=lbb108566-68723&search=books
Wuthering Heights,150.00 جنيه ,https://www.neelwafurat.com/itempage.aspx?id=lbb108575-68732&search=books
زنبقة الصخرة,165.00 جنيه ,https://www.neelwafurat.com/itempage.aspx?id=lbb108972-69129&search=books
علاء الدين والمصبا,165.00 جنيه ,https://www.neelwafurat.com/itempage.aspx?id=lbb108981-69138&search=books
Heidi,150.00 جنيه ,https://www.neelwafurat.com/itempage.aspx?id=lbb109616-69773&search=books
The Three Musketee,150.00 جنيه ,https://www.neelwafurat.com/itempage.aspx?id=lbb109617-69774&search=books
Oliver Twist,150.00 جنيه ,https://www.neelwafurat.com/itempage.aspx?id=lbb109618-69775&search=books
Adventures of Huck,105.00 جنيه ,https://www.neelwafurat.com/itempage.aspx?id=lbb109666-69823&search=books
ما هي؟,90.00 جنيه ,https://www.neelwafurat.com/itempage.aspx?id=lbb84530-44918&search=books
Gulliver's Travels,150.00 جنيه ,https://www.neelwafurat.com/itempage.aspx?id=lbb109619-69776&search=books
مغامرات هاكلبري في,112.50 جنيه ,https://www.neelwafurat.com/itempage.aspx?id=lbb126977-87106&search=books
مغامرة في النهر,79.20 جنيه ,https://www.neelwafurat.com/itempage.aspx?id=lbb126955-87084&search=books
Alas… HUSSEIN,,https://www.neelwafurat.com/itempage.aspx?id=lbb126080-86208&search=books
سلسلة حكايات من مم,"1,012.50 جنيه ",https://www.neelwafurat.com/itempage.aspx?id=lbb139214-99763&search=books
حكايات من مملكة ال,90.00 جنيه ,https://www.neelwafurat.com/itempage.aspx?id=lbb139215-99764&search=books
حكايات من مملكة ال,90.00 جنيه ,https://www.neelwafurat.com/itempage.aspx?id=lbb139216-99765&search=books
حكايات من مملكة ال,90.00 جنيه ,https://www.neelwafurat.com/itempage.aspx?id=lbb139217-99766&search=books
حكايات من مملكة ال,90.00 جنيه ,https://www.neelwafurat.com/itempage.aspx?id=lbb139218-99767&search=books
حكايات من مملكة ال,90.00 جنيه ,https://www.neelwafurat.com/itempage.aspx?id=lbb139219-99768&search=books
حكايات من مملكة ال,90.00 جنيه ,https://www.neelwafurat.com/itempage.aspx?id=lbb139220-99769&search=books
حكايات من مملكة ال,90.00 جنيه ,https://www.neelwafurat.com/itempage.aspx?id=lbb139221-99770&search=books
حكايات من مملكة ال,90.00 جنيه ,https://www.neelwafurat.com/itempage.aspx?id=lbb139222-99771&search=books
حكايات من مملكة ال,90.00 جنيه ,https://www.neelwafurat.com/itempage.aspx?id=lbb139223-99772&search=books
حكايات من مملكة ال,90.00 جنيه ,https://www.neelwafurat.com/itempage.aspx?id=lbb139224-99773&search=books
حكايات من مملكة ال,90.00 جنيه ,https://www.neelwafurat.com/itempage.aspx?id=lbb139225-99774&search=books
حكايات من مملكة ال,90.00 جنيه ,https://www.neelwafurat.com/itempage.aspx?id=lbb139226-99775&search=books
حكايات من مملكة ال,90.00 جنيه ,https://www.neelwafurat.com/itempage.aspx?id=lbb139227-99776&search=books
حكايات من مملكة ال,90.00 جنيه ,https://www.neelwafurat.com/itempage.aspx?id=lbb139228-99777&search=books
حكايات من مملكة ال,90.00 جنيه ,https://www.neelwafurat.com/itempage.aspx?id=lbb139229-99778&search=books
حكايات من مملكة ال,90.00 جنيه ,https://www.neelwafurat.com/itempage.aspx?id=lbb139230-99779&search=books
حكايات من مملكة ال,90.00 جنيه ,https://www.neelwafurat.com/itempage.aspx?id=lbb139231-99517&search=books
حكايات من مملكة ال,90.00 جنيه ,https://www.neelwafurat.com/itempage.aspx?id=lbb139232-99518&search=books
حكايات من مملكة ال,90.00 جنيه ,https://www.neelwafurat.com/itempage.aspx?id=lbb139233-99519&search=books
حكايات من مملكة ال,90.00 جنيه ,https://www.neelwafurat.com/itempage.aspx?id=lbb139234-99520&search=books
حكايات من مملكة ال,90.00 جنيه ,https://www.neelwafurat.com/itempage.aspx?id=lbb139235-99521&search=books
حكايات من مملكة ال,90.00 جنيه ,https://www.neelwafurat.com/itempage.aspx?id=lbb139236-99522&search=books
حكايات من مملكة ال,90.00 جنيه ,https://www.neelwafurat.com/itempage.aspx?id=lbb139237-99523&search=books
حكايات من مملكة ال,90.00 جنيه ,https://www.neelwafurat.com/itempage.aspx?id=lbb139238-99524&search=books
حكايات من مملكة ال,90.00 جنيه ,https://www.neelwafurat.com/itempage.aspx?id=lbb139239-99525&search=books
جزيرة الكنز,72.00 جنيه ,https://www.neelwafurat.com/itempage.aspx?id=lbb91401-51712&search=books
جين آير,72.00 جنيه ,https://www.neelwafurat.com/itempage.aspx?id=lbb91400-51711&search=books
حول العالم في ثمان,120.00 جنيه ,https://www.neelwafurat.com/itempage.aspx?id=lbb108792-68949&search=books
رحلة كريم الدين,90.00 جنيه ,https://www.neelwafurat.com/itempage.aspx?id=lbb104944-65092&search=books
سجين زندا,90.00 جنيه ,https://www.neelwafurat.com/itempage.aspx?id=lbb104946-65094&search=books
سر القط الفرعوني,90.00 جنيه ,https://www.neelwafurat.com/itempage.aspx?id=lbb104955-65103&search=books
Keys,199.50 جنيه ,https://www.neelwafurat.com/itempage.aspx?id=aeb429586-10429931&search=books
العجلة التي لا تنف,90.00 جنيه ,https://www.neelwafurat.com/itempage.aspx?id=lbb321215-311872&search=books
الصديقتان,90.00 جنيه ,https://www.neelwafurat.com/itempage.aspx?id=lbb321214-311871&search=books
أين أنت؟,300.00 جنيه ,https://www.neelwafurat.com/itempage.aspx?id=aeb425967-10426187&search=books
سلسلة قصص الحيوانا,30.00 جنيه ,https://www.neelwafurat.com/itempage.aspx?id=egb260138-5276770&search=books
سلسلة قصص الحيوانا,30.00 جنيه ,https://www.neelwafurat.com/itempage.aspx?id=egb260137-5276769&search=books
سلسلة أطفال الغد,30.00 جنيه ,https://www.neelwafurat.com/itempage.aspx?id=egb260136-5276768&search=books
الفيل والأرانب,90.00 جنيه ,https://www.neelwafurat.com/itempage.aspx?id=lbb321213-311870&search=books
مجموعة قصص التوعية,297.00 جنيه ,https://www.neelwafurat.com/itempage.aspx?id=lbb253587-235963&search=books
الملاك الحارس,30.00 جنيه ,https://www.neelwafurat.com/itempage.aspx?id=egb246424-5261541&search=books
مجموعة قصص السيطرة,450.00 جنيه ,https://www.neelwafurat.com/itempage.aspx?id=lbb253585-235961&search=books
حكمة شجرة السرو,240.00 جنيه ,https://www.neelwafurat.com/itempage.aspx?id=aeb425178-10425328&search=books
باجو الشجاع,30.00 جنيه ,https://www.neelwafurat.com/itempage.aspx?id=egb246423-5261540&search=books
الديك والثعلب,90.00 جنيه ,https://www.neelwafurat.com/itempage.aspx?id=lbb321212-311869&search=books
تسالي سكرستان,90.00 جنيه ,https://www.neelwafurat.com/itempage.aspx?id=lbb300080-288221&search=books
الطاووس الحكيم,90.00 جنيه ,https://www.neelwafurat.com/itempage.aspx?id=lbb321211-311868&search=books
الغزالة الوفية,10.00 جنيه ,https://www.neelwafurat.com/itempage.aspx?id=egb246422-5261539&search=books
أمل وجدتها,10.00 جنيه ,https://www.neelwafurat.com/itempage.aspx?id=egb246421-5261538&search=books
القبرة وابنها,90.00 جنيه ,https://www.neelwafurat.com/itempage.aspx?id=lbb321210-311867&search=books
فستان العيد,10.00 جنيه ,https://www.neelwafurat.com/itempage.aspx?id=egb246420-5261537&search=books
مجموعة قصص العلم و,450.00 جنيه ,https://www.neelwafurat.com/itempage.aspx?id=lbb253584-235960&search=books
العصفور والغدير ال,90.00 جنيه ,https://www.neelwafurat.com/itempage.aspx?id=lbb321209-311866&search=books
الحمار العجوز,10.00 جنيه ,https://www.neelwafurat.com/itempage.aspx?id=egb246419-5261536&search=books
الكتكوت الذكي,10.00 جنيه ,https://www.neelwafurat.com/itempage.aspx?id=egb246418-5261535&search=books
سلسلة الملاك الصغي,30.00 جنيه ,https://www.neelwafurat.com/itempage.aspx?id=egb260135-5276767&search=books
نورة وأحذيتها السح,345.00 جنيه ,https://www.neelwafurat.com/itempage.aspx?id=lbb322579-313413&search=books
العصفورتان,90.00 جنيه ,https://www.neelwafurat.com/itempage.aspx?id=lbb321208-311865&search=books
المنقذ الخفي,135.00 جنيه ,https://www.neelwafurat.com/itempage.aspx?id=lbb300078-288219&search=books
سلسلة حكايات المسا,30.00 جنيه ,https://www.neelwafurat.com/itempage.aspx?id=egb260134-5276766&search=books
عيد ميلاد قلمي,285.00 جنيه ,https://www.neelwafurat.com/itempage.aspx?id=aeb430932-10431319&search=books
السلسلة الجديدة لل,30.00 جنيه ,https://www.neelwafurat.com/itempage.aspx?id=egb260133-5276765&search=books
ما أحلى الإتفاق,180.00 جنيه ,https://www.neelwafurat.com/itempage.aspx?id=lbb328153-319774&search=books
سلسلة قصص للناشئة,30.00 جنيه ,https://www.neelwafurat.com/itempage.aspx?id=egb260132-5276764&search=books
آني  يعثر عن مهر ص,240.00 جنيه ,https://www.neelwafurat.com/itempage.aspx?id=aeb425170-10425320&search=books
الغرفة المسلية,90.00 جنيه ,https://www.neelwafurat.com/itempage.aspx?id=lbb321207-311864&search=books
من حكايات كليلة ود,30.00 جنيه ,https://www.neelwafurat.com/itempage.aspx?id=egb260131-5276763&search=books
من حكايات كليلة ود,30.00 جنيه ,https://www.neelwafurat.com/itempage.aspx?id=egb260130-5276762&search=books
MAMBP LE LION,156.75 جنيه ,https://www.neelwafurat.com/itempage.aspx?id=lbb390026-387362&search=books
الأرنب الكبير والأ,90.00 جنيه ,https://www.neelwafurat.com/itempage.aspx?id=lbb321206-311863&search=books
أجمل القصص المترجم,30.00 جنيه ,https://www.neelwafurat.com/itempage.aspx?id=egb260129-5276761&search=books
قصص قصيرة للأطفال,30.00 جنيه ,https://www.neelwafurat.com/itempage.aspx?id=egb260128-5276760&search=books
قصص قصيرة للأطفال,30.00 جنيه ,https://www.neelwafurat.com/itempage.aspx?id=egb260127-5276759&search=books
أرجوحة المرح,135.00 جنيه ,https://www.neelwafurat.com/itempage.aspx?id=lbb300075-288216&search=books
سلسلة حكايات الطفل,30.00 جنيه ,https://www.neelwafurat.com/itempage.aspx?id=egb260125-5276757&search=books
اليمامة والصياد,90.00 جنيه ,https://www.neelwafurat.com/itempage.aspx?id=lbb321205-311862&search=books
لن أترك الصحراء,180.00 جنيه ,https://www.neelwafurat.com/itempage.aspx?id=lbb208293-180613&search=books
النملة الزاهدة,90.00 جنيه ,https://www.neelwafurat.com/itempage.aspx?id=lbb321203-311860&search=books
سلسلة المبدعين الص,30.00 جنيه ,https://www.neelwafurat.com/itempage.aspx?id=egb260124-5276756&search=books
جامع الشيخ زايد ال,330.00 جنيه ,https://www.neelwafurat.com/itempage.aspx?id=aeb425599-10425807&search=books
Pippo L'hippopotam,156.75 جنيه ,https://www.neelwafurat.com/itempage.aspx?id=lbb390025-387361&search=books
سلسلة قصص تربوية ل,30.00 جنيه ,https://www.neelwafurat.com/itempage.aspx?id=egb260123-5276755&search=books
دودة الحرير والدود,90.00 جنيه ,https://www.neelwafurat.com/itempage.aspx?id=lbb321202-311859&search=books
سلسلة نوادر جحا,30.00 جنيه ,https://www.neelwafurat.com/itempage.aspx?id=egb260122-5276754&search=books
سلسلة المغامرون ال,25.00 جنيه ,https://www.neelwafurat.com/itempage.aspx?id=egb260120-5276752&search=books
ZANZIBAR LE ZEBRE,156.75 جنيه ,https://www.neelwafurat.com/itempage.aspx?id=lbb390024-387360&search=books
سلسة حكايات سحرية,30.00 جنيه ,https://www.neelwafurat.com/itempage.aspx?id=egb260121-5276753&search=books
 سلسة أجمل القصص,30.00 جنيه ,https://www.neelwafurat.com/itempage.aspx?id=egb260119-5276751&search=books
أنا أكره التلوث,90.00 جنيه ,https://www.neelwafurat.com/itempage.aspx?id=lbb208292-180612&search=books
الدودة والشجرة الخ,90.00 جنيه ,https://www.neelwafurat.com/itempage.aspx?id=lbb321201-311858&search=books
في السماء,90.00 جنيه ,https://www.neelwafurat.com/itempage.aspx?id=lbb276514-261512&search=books
Le Petit Poucet/Ce,240.00 جنيه ,https://www.neelwafurat.com/itempage.aspx?id=lbb216766-190697&search=books
شاحنة المزرعة,84.00 جنيه ,https://www.neelwafurat.com/itempage.aspx?id=lbb216747-190679&search=books
سيارة الإسعاف,84.00 جنيه ,https://www.neelwafurat.com/itempage.aspx?id=lbb216749-190681&search=books
سيارة الإطفاء,84.00 جنيه ,https://www.neelwafurat.com/itempage.aspx?id=lbb216748-190680&search=books
حفارة الأرض,84.00 جنيه ,https://www.neelwafurat.com/itempage.aspx?id=lbb216746-190678&search=books
كاميليا تزور حديقة,90.00 جنيه ,https://www.neelwafurat.com/itempage.aspx?id=lbb216738-190669&search=books
كاميليا تذهب في عط,90.00 جنيه ,https://www.neelwafurat.com/itempage.aspx?id=lbb216737-190668&search=books
كاميليا تريد هرا,90.00 جنيه ,https://www.neelwafurat.com/itempage.aspx?id=lbb216735-190666&search=books
مرمر وسلالم البيت ,3.50 جنيه ,https://www.neelwafurat.com/itempage.aspx?id=egb183110-5195880&search=books
مرمر ودواء ماما,3.50 جنيه ,https://www.neelwafurat.com/itempage.aspx?id=egb183109-5195879&search=books
موسيقيو مدينة بريم,72.00 جنيه ,https://www.neelwafurat.com/itempage.aspx?id=lbb216728-190655&search=books
الله خير الرازقين ,4.90 جنيه ,https://www.neelwafurat.com/itempage.aspx?id=egb183108-5195878&search=books
الذئب والجداء الصغ,72.00 جنيه ,https://www.neelwafurat.com/itempage.aspx?id=lbb216727-190651&search=books
الأرنب البري والسل,72.00 جنيه ,https://www.neelwafurat.com/itempage.aspx?id=lbb216726-190650&search=books
الإسكافي والقزمان,72.00 جنيه ,https://www.neelwafurat.com/itempage.aspx?id=lbb216725-190649&search=books
كتاب الأدغال,72.00 جنيه ,https://www.neelwafurat.com/itempage.aspx?id=lbb216724-190648&search=books
غوليفر في جزيرة ال,72.00 جنيه ,https://www.neelwafurat.com/itempage.aspx?id=lbb216723-190647&search=books
الثعلب الشرير والد,72.00 جنيه ,https://www.neelwafurat.com/itempage.aspx?id=lbb216721-190645&search=books
الأمير وحبة البازل,72.00 جنيه ,https://www.neelwafurat.com/itempage.aspx?id=lbb216720-190644&search=books
هايدي,72.00 جنيه ,https://www.neelwafurat.com/itempage.aspx?id=lbb216719-190643&search=books
كاميليا تزور حديقة,63.00 جنيه ,https://www.neelwafurat.com/itempage.aspx?id=lbb216738-319753&search=books
كاميليا تذهب في عط,63.00 جنيه ,https://www.neelwafurat.com/itempage.aspx?id=lbb216737-319752&search=books
كاميليا تريد هرا,63.00 جنيه ,https://www.neelwafurat.com/itempage.aspx?id=lbb216735-319750&search=books
كاميليا تذهب الى ا,72.00 جنيه ,https://www.neelwafurat.com/itempage.aspx?id=lbb216734-190665&search=books
كاميليا تبحث عن ال,72.00 جنيه ,https://www.neelwafurat.com/itempage.aspx?id=lbb216740-190671&search=books
كاميليا وحفلة المد,72.00 جنيه ,https://www.neelwafurat.com/itempage.aspx?id=lbb216739-190670&search=books
الفيل الشرير,72.00 جنيه ,https://www.neelwafurat.com/itempage.aspx?id=lbb216709-190624&search=books
الأصدقاء الثلاثة,72.00 جنيه ,https://www.neelwafurat.com/itempage.aspx?id=lbb216711-190626&search=books
العنزة الذكية,72.00 جنيه ,https://www.neelwafurat.com/itempage.aspx?id=lbb216707-190622&search=books
الغراب الطماع,72.00 جنيه ,https://www.neelwafurat.com/itempage.aspx?id=lbb216706-190621&search=books
الببغاوان الأحمران,72.00 جنيه ,https://www.neelwafurat.com/itempage.aspx?id=lbb216710-190625&search=books
القرد والتمساح,72.00 جنيه ,https://www.neelwafurat.com/itempage.aspx?id=lbb216708-190623&search=books
الأخوان,72.00 جنيه ,https://www.neelwafurat.com/itempage.aspx?id=lbb216705-190620&search=books
عيد ميلاد سعيد ! (,120.00 جنيه ,https://www.neelwafurat.com/itempage.aspx?id=lbb216729-190658&search=books
حفلة في الحديقة,96.00 جنيه ,https://www.neelwafurat.com/itempage.aspx?id=lbb216732-190661&search=books
أنا أتنكر,96.00 جنيه ,https://www.neelwafurat.com/itempage.aspx?id=lbb216730-190659&search=books
صديقاتي,96.00 جنيه ,https://www.neelwafurat.com/itempage.aspx?id=lbb216731-190660&search=books
كاميليا الأخت الكب,72.00 جنيه ,https://www.neelwafurat.com/itempage.aspx?id=lbb216733-190664&search=books
كاميليا وحاضنتها,72.00 جنيه ,https://www.neelwafurat.com/itempage.aspx?id=lbb216741-190672&search=books
كاميليا أميرة ليوم,72.00 جنيه ,https://www.neelwafurat.com/itempage.aspx?id=lbb216736-190667&search=books
كركر,192.00 جنيه ,https://www.neelwafurat.com/itempage.aspx?id=lbb216644-190551&search=books
الأرنب يزرع النقود,192.00 جنيه ,https://www.neelwafurat.com/itempage.aspx?id=lbb216643-190550&search=books
قصصي الخيالية,288.00 جنيه ,https://www.neelwafurat.com/itempage.aspx?id=lbb216642-190549&search=books
مدام تعبانة,192.00 جنيه ,https://www.neelwafurat.com/itempage.aspx?id=lbb216639-190546&search=books
أريد أن أكون ماما,192.00 جنيه ,https://www.neelwafurat.com/itempage.aspx?id=lbb216638-190544&search=books
أفعل... لا أفعل (أ,120.00 جنيه ,https://www.neelwafurat.com/itempage.aspx?id=lbb216629-190535&search=books
من هناك ؟,90.00 جنيه ,https://www.neelwafurat.com/itempage.aspx?id=lbb216630-190536&search=books
جحا والوصفة الرائع,300.00 جنيه ,https://www.neelwafurat.com/itempage.aspx?id=lbb216376-190245&search=books
مدينة الغيلان,108.00 جنيه ,https://www.neelwafurat.com/itempage.aspx?id=lbb216456-190334&search=books
عندما غاب أبي,108.00 جنيه ,https://www.neelwafurat.com/itempage.aspx?id=lbb216454-190332&search=books
بدر.. الرجل الصغير,108.00 جنيه ,https://www.neelwafurat.com/itempage.aspx?id=lbb216455-190333&search=books
أتمنى,240.00 جنيه ,https://www.neelwafurat.com/itempage.aspx?id=lbb216453-190326&search=books
من الأجمل؟,120.00 جنيه ,https://www.neelwafurat.com/itempage.aspx?id=lbb216458-190336&search=books
حكاية حلم,150.00 جنيه ,https://www.neelwafurat.com/itempage.aspx?id=lbb216232-190099&search=books
جامبو ! مرحباً جمي,76.50 جنيه ,https://www.neelwafurat.com/itempage.aspx?id=lbb216234-190101&search=books
لم للزرافة رقبة طو,178.50 جنيه ,https://www.neelwafurat.com/itempage.aspx?id=lbb216226-190093&search=books
لم للفيل خرطوم,178.50 جنيه ,https://www.neelwafurat.com/itempage.aspx?id=lbb216229-190096&search=books
لم يزأر الأسد,178.50 جنيه ,https://www.neelwafurat.com/itempage.aspx?id=lbb216227-190094&search=books
لم تتأرجح القرود ع,178.50 جنيه ,https://www.neelwafurat.com/itempage.aspx?id=lbb216228-190095&search=books
بابا حبيبي... دائم,180.00 جنيه ,https://www.neelwafurat.com/itempage.aspx?id=lbb216246-190114&search=books
أسئلة وتساؤلات,660.00 جنيه ,https://www.neelwafurat.com/itempage.aspx?id=lbb226694-204792&search=books
"من ينجد ""برهان""؟",570.00 جنيه ,https://www.neelwafurat.com/itempage.aspx?id=lbb282332-267559&search=books
"ذكاء ""برهان""",570.00 جنيه ,https://www.neelwafurat.com/itempage.aspx?id=lbb282330-267557&search=books
حين انتقل فندس,660.00 جنيه ,https://www.neelwafurat.com/itempage.aspx?id=lbb282323-267550&search=books
حكاية أميرة صغيرة,570.00 جنيه ,https://www.neelwafurat.com/itempage.aspx?id=lbb282324-267551&search=books
حكاية أمير صغير,570.00 جنيه ,https://www.neelwafurat.com/itempage.aspx?id=lbb282325-267552&search=books
جنان في بيت يا ليت,570.00 جنيه ,https://www.neelwafurat.com/itempage.aspx?id=lbb206161-178296&search=books
جنان ذات الجورب ال,570.00 جنيه ,https://www.neelwafurat.com/itempage.aspx?id=lbb226638-204736&search=books
توت وتيت,570.00 جنيه ,https://www.neelwafurat.com/itempage.aspx?id=lbb226657-204755&search=books
برهان يحلق بعيداً,570.00 جنيه ,https://www.neelwafurat.com/itempage.aspx?id=lbb226660-204758&search=books
"""برهان"" والحيوان ا",570.00 جنيه ,https://www.neelwafurat.com/itempage.aspx?id=lbb282329-267556&search=books
"أسرع يا ""برهان""",570.00 جنيه ,https://www.neelwafurat.com/itempage.aspx?id=lbb282328-267555&search=books
الشجرة الحمراء,690.00 جنيه ,https://www.neelwafurat.com/itempage.aspx?id=lbb226630-204728&search=books
الشاطر برهان!,570.00 جنيه ,https://www.neelwafurat.com/itempage.aspx?id=lbb226661-204759&search=books
الربيع في القرية ا,660.00 جنيه ,https://www.neelwafurat.com/itempage.aspx?id=lbb282326-267553&search=books
قوانين الصيف,690.00 جنيه ,https://www.neelwafurat.com/itempage.aspx?id=lbb226629-204727&search=books
الفتى القادم من ال,192.00 جنيه ,https://www.neelwafurat.com/itempage.aspx?id=lbb304973-294178&search=books
هل أنت جبان يا بره,570.00 جنيه ,https://www.neelwafurat.com/itempage.aspx?id=lbb226659-204757&search=books
ليني وألة,660.00 جنيه ,https://www.neelwafurat.com/itempage.aspx?id=lbb226632-204730&search=books
لغز كرة القدم,600.00 جنيه ,https://www.neelwafurat.com/itempage.aspx?id=lbb226686-204784&search=books
كارلسون على السطح,690.00 جنيه ,https://www.neelwafurat.com/itempage.aspx?id=lbb226645-204743&search=books
ليلى ترحل من البيت,570.00 جنيه ,https://www.neelwafurat.com/itempage.aspx?id=lbb226646-204744&search=books
علياء والعصفورة ال,330.00 جنيه ,https://www.neelwafurat.com/itempage.aspx?id=aeb431683-10432125&search=books
سلسلة أنا أكبر,,https://www.neelwafurat.com/itempage.aspx?id=lbb304942-294146&search=books
ملح ودموع,153.00 جنيه ,https://www.neelwafurat.com/itempage.aspx?id=lbb382329-379349&search=books
أين تنتهي السماء؟,495.00 جنيه ,https://www.neelwafurat.com/itempage.aspx?id=aeb429645-10429993&search=books
صول,330.00 جنيه ,https://www.neelwafurat.com/itempage.aspx?id=aeb429648-10429996&search=books
تحت الغطاء...,330.00 جنيه ,https://www.neelwafurat.com/itempage.aspx?id=aeb429649-10429997&search=books
الحافلة,480.00 جنيه ,https://www.neelwafurat.com/itempage.aspx?id=lbb271385-256062&search=books
سيارة الإسعاف,480.00 جنيه ,https://www.neelwafurat.com/itempage.aspx?id=lbb271386-256063&search=books
السيارة,480.00 جنيه ,https://www.neelwafurat.com/itempage.aspx?id=lbb271387-256064&search=books
سيارة الفيراري,480.00 جنيه ,https://www.neelwafurat.com/itempage.aspx?id=lbb271388-256065&search=books
الكارافان,480.00 جنيه ,https://www.neelwafurat.com/itempage.aspx?id=lbb271389-256066&search=books
الغواصة,480.00 جنيه ,https://www.neelwafurat.com/itempage.aspx?id=lbb271390-256067&search=books
سيارة الإطفاء,,https://www.neelwafurat.com/itempage.aspx?id=lbb304896-294100&search=books
سيارة الجيب,,https://www.neelwafurat.com/itempage.aspx?id=lbb304897-294101&search=books
شوشويا,204.00 جنيه ,https://www.neelwafurat.com/itempage.aspx?id=lbb304812-294009&search=books
أين؟,243.00 جنيه ,https://www.neelwafurat.com/itempage.aspx?id=lbb304871-294071&search=books
حروفي,243.00 جنيه ,https://www.neelwafurat.com/itempage.aspx?id=lbb304873-294073&search=books
بيت ستي,243.00 جنيه ,https://www.neelwafurat.com/itempage.aspx?id=lbb304872-294072&search=books
My First Book of G,240.00 جنيه ,https://www.neelwafurat.com/itempage.aspx?id=lbb343571-336902&search=books
My First Book of G,240.00 جنيه ,https://www.neelwafurat.com/itempage.aspx?id=lbb304839-294036&search=books
سفراء التسامح,168.00 جنيه ,https://www.neelwafurat.com/itempage.aspx?id=lbb304838-294035&search=books
سلسلة حكايات البنا,96.00 جنيه ,https://www.neelwafurat.com/itempage.aspx?id=lbb285235-270965&search=books
عاقبة الظلم,120.00 جنيه ,https://www.neelwafurat.com/itempage.aspx?id=lbb300245-288386&search=books
عاقبة الكسل,120.00 جنيه ,https://www.neelwafurat.com/itempage.aspx?id=lbb300244-288385&search=books
عاقبة الغش,120.00 جنيه ,https://www.neelwafurat.com/itempage.aspx?id=lbb300243-288384&search=books
عاقبة الكذب,120.00 جنيه ,https://www.neelwafurat.com/itempage.aspx?id=lbb300242-288383&search=books
عاقبة ناكرة المعرو,120.00 جنيه ,https://www.neelwafurat.com/itempage.aspx?id=lbb300238-288379&search=books
عاقبة عقوق الوالدي,120.00 جنيه ,https://www.neelwafurat.com/itempage.aspx?id=lbb300241-288382&search=books
عاقبة الغرور,120.00 جنيه ,https://www.neelwafurat.com/itempage.aspx?id=lbb300240-288381&search=books
عاقبة الطمع,120.00 جنيه ,https://www.neelwafurat.com/itempage.aspx?id=lbb300239-288380&search=books
سلسلة عاقبة السلوك,960.00 جنيه ,https://www.neelwafurat.com/itempage.aspx?id=lbb300234-288375&search=books
اضحك مع جحا,144.00 جنيه ,https://www.neelwafurat.com/itempage.aspx?id=lbb300232-288373&search=books
ألغاز وألعاب للأطف,132.00 جنيه ,https://www.neelwafurat.com/itempage.aspx?id=lbb303461-292602&search=books
ألغاز وألعاب للأطف,132.00 جنيه ,https://www.neelwafurat.com/itempage.aspx?id=lbb303460-292601&search=books
ألغاز وألعاب للأطف,132.00 جنيه ,https://www.neelwafurat.com/itempage.aspx?id=lbb303459-292600&search=books
الحمار والحصان,90.00 جنيه ,https://www.neelwafurat.com/itempage.aspx?id=lbb304663-293858&search=books
سباق الأرنب والسلح,90.00 جنيه ,https://www.neelwafurat.com/itempage.aspx?id=lbb304662-293857&search=books
يوم في المحيط,120.00 جنيه ,https://www.neelwafurat.com/itempage.aspx?id=lbb304652-293847&search=books
شيء ليس عاديًا أبد,243.00 جنيه ,https://www.neelwafurat.com/itempage.aspx?id=lbb377728-374452&search=books
هل سبق لك أن احتضن,144.00 جنيه ,https://www.neelwafurat.com/itempage.aspx?id=lbb377652-374375&search=books
My Special Name,60.00 جنيه ,https://www.neelwafurat.com/itempage.aspx?id=egb276065-5293950&search=books
قصة الأختين هنا وش,120.00 جنيه ,https://www.neelwafurat.com/itempage.aspx?id=egb276070-5293955&search=books
كل شيء عن التنوع و,140.00 جنيه ,https://www.neelwafurat.com/itempage.aspx?id=egb276069-5293954&search=books
الحياة السرية للفي,102.00 جنيه ,https://www.neelwafurat.com/itempage.aspx?id=lbb377364-374045&search=books
أقرب إلى السماء,135.00 جنيه ,https://www.neelwafurat.com/itempage.aspx?id=lbb377305-373986&search=books
ناي جبران,135.00 جنيه ,https://www.neelwafurat.com/itempage.aspx?id=lbb377304-373985&search=books
فرحة العيد Die Fre,420.00 جنيه ,https://www.neelwafurat.com/itempage.aspx?id=aeb422705-10422707&search=books
فرحة العيد La Joie,420.00 جنيه ,https://www.neelwafurat.com/itempage.aspx?id=aeb422706-10422708&search=books
فرحة العيد The Joy,420.00 جنيه ,https://www.neelwafurat.com/itempage.aspx?id=aeb422707-10422709&search=books
نعمة من الله,120.00 جنيه ,https://www.neelwafurat.com/itempage.aspx?id=lbb376918-373592&search=books
رفيقة كلماتي,210.00 جنيه ,https://www.neelwafurat.com/itempage.aspx?id=lbb376848-373514&search=books
محبة الله جل جلاله,100.00 جنيه ,https://www.neelwafurat.com/itempage.aspx?id=egb275946-5293830&search=books
العصفور الحزين,20.00 جنيه ,https://www.neelwafurat.com/itempage.aspx?id=egb275804-5293686&search=books
توتي وحوري الشجاع,20.00 جنيه ,https://www.neelwafurat.com/itempage.aspx?id=egb275802-5293684&search=books
الديك المكار,20.00 جنيه ,https://www.neelwafurat.com/itempage.aspx?id=egb275801-5293683&search=books
ساندي أميرة الفراش,20.00 جنيه ,https://www.neelwafurat.com/itempage.aspx?id=egb275800-5293682&search=books
النحلة باني والشري,25.00 جنيه ,https://www.neelwafurat.com/itempage.aspx?id=egb275810-5293692&search=books
"حكاية ومعلومة "" تك",50.00 جنيه ,https://www.neelwafurat.com/itempage.aspx?id=egb275803-5293685&search=books
ميرنا تمارس الرياض,36.00 جنيه ,https://www.neelwafurat.com/itempage.aspx?id=egb275826-5293708&search=books
قصص صحية للأطفال و,245.10 جنيه ,https://www.neelwafurat.com/itempage.aspx?id=aeb435518-10436145&search=books
قصص جميلة ومشهورة ,150.00 جنيه ,https://www.neelwafurat.com/itempage.aspx?id=lbb376379-373037&search=books
الطريق إلى الفردوس,120.00 جنيه ,https://www.neelwafurat.com/itempage.aspx?id=lbb375985-372638&search=books
إفلاس الوسواس,74.70 جنيه ,https://www.neelwafurat.com/itempage.aspx?id=lbb375986-372639&search=books
التفاحة نور,60.00 جنيه ,https://www.neelwafurat.com/itempage.aspx?id=egb275325-5293203&search=books
صندوق أداوت التفكي,792.00 جنيه ,https://www.neelwafurat.com/itempage.aspx?id=lbb375875-372524&search=books
ثعلوب وريري‎ ؛ مشا,240.00 جنيه ,https://www.neelwafurat.com/itempage.aspx?id=lbb375870-372519&search=books
فريق حراسة حديقة ا,240.00 جنيه ,https://www.neelwafurat.com/itempage.aspx?id=lbb375869-372518&search=books
بسكويت وبروكلي مست,240.00 جنيه ,https://www.neelwafurat.com/itempage.aspx?id=lbb375865-372514&search=books
قلب الظلمات ؛ رواي,299.70 جنيه ,https://www.neelwafurat.com/itempage.aspx?id=aeb422734-10422741&search=books
عيون يامارادجا ؛ ر,299.70 جنيه ,https://www.neelwafurat.com/itempage.aspx?id=aeb422735-10422743&search=books
تمثال لانزون ؛ روا,299.70 جنيه ,https://www.neelwafurat.com/itempage.aspx?id=aeb422736-10422745&search=books
بصمة قدم ؛ رواية ل,299.70 جنيه ,https://www.neelwafurat.com/itempage.aspx?id=aeb422737-10422747&search=books
خطة أرنوب,144.00 جنيه ,https://www.neelwafurat.com/itempage.aspx?id=lbb375511-372128&search=books
الجدة صباح وسلة ال,144.00 جنيه ,https://www.neelwafurat.com/itempage.aspx?id=lbb375509-372126&search=books
العائلة,69.30 جنيه ,https://www.neelwafurat.com/itempage.aspx?id=lbb375504-372121&search=books
عندما كنت أخطبوطًا,144.00 جنيه ,https://www.neelwafurat.com/itempage.aspx?id=lbb375429-372041&search=books
لما طار البالون!,144.00 جنيه ,https://www.neelwafurat.com/itempage.aspx?id=lbb375506-372123&search=books
إنه لي,144.00 جنيه ,https://www.neelwafurat.com/itempage.aspx?id=lbb375507-372124&search=books
الفصول الأربعة,55.80 جنيه ,https://www.neelwafurat.com/itempage.aspx?id=lbb375435-372047&search=books
مفاهيم حسابية,69.30 جنيه ,https://www.neelwafurat.com/itempage.aspx?id=lbb375505-372122&search=books
أنا أشارك ، أنا مه,144.00 جنيه ,https://www.neelwafurat.com/itempage.aspx?id=lbb375510-372127&search=books
حيوانات المزرعة وا,55.80 جنيه ,https://www.neelwafurat.com/itempage.aspx?id=lbb375434-372046&search=books
حيوانات الغابة وال,55.80 جنيه ,https://www.neelwafurat.com/itempage.aspx?id=lbb375433-372045&search=books
وسائل النقل,55.80 جنيه ,https://www.neelwafurat.com/itempage.aspx?id=lbb375436-372048&search=books
فرح في مدينة الحزن,144.00 جنيه ,https://www.neelwafurat.com/itempage.aspx?id=lbb375508-372125&search=books
أشجع بحارة في العا,,https://www.neelwafurat.com/itempage.aspx?id=lbb378940-375788&search=books
حيوانات تنام ليلًا,72.00 جنيه ,https://www.neelwafurat.com/itempage.aspx?id=lbb375406-372018&search=books
أين التنين الغاضب ,144.00 جنيه ,https://www.neelwafurat.com/itempage.aspx?id=lbb375397-372009&search=books
بيتنا يهتز,72.00 جنيه ,https://www.neelwafurat.com/itempage.aspx?id=lbb375407-372019&search=books
السلاحف البحرية,72.00 جنيه ,https://www.neelwafurat.com/itempage.aspx?id=lbb375414-372026&search=books
سلمى تصادق السكري,144.00 جنيه ,https://www.neelwafurat.com/itempage.aspx?id=lbb375413-372025&search=books
غوغل غوغل,120.00 جنيه ,https://www.neelwafurat.com/itempage.aspx?id=lbb375419-372031&search=books
قلم عجيب في محفظتي,120.00 جنيه ,https://www.neelwafurat.com/itempage.aspx?id=lbb375416-372028&search=books
في حديقة منزلي دين,120.00 جنيه ,https://www.neelwafurat.com/itempage.aspx?id=lbb375400-372012&search=books
في خزانة جدتي !!!,144.00 جنيه ,https://www.neelwafurat.com/itempage.aspx?id=lbb375425-372037&search=books
الهجرة إلى القمر !,144.00 جنيه ,https://www.neelwafurat.com/itempage.aspx?id=lbb375423-372035&search=books
طيور المزرعة والحش,55.80 جنيه ,https://www.neelwafurat.com/itempage.aspx?id=lbb375431-372043&search=books
نتاج الحيوان,55.80 جنيه ,https://www.neelwafurat.com/itempage.aspx?id=lbb375432-372044&search=books
فصيل الجمل,228.00 جنيه ,https://www.neelwafurat.com/itempage.aspx?id=aeb428587-10428850&search=books
مغامرات عطلة الربي,114.00 جنيه ,https://www.neelwafurat.com/itempage.aspx?id=aeb429568-10429912&search=books
الدب ديسم,228.00 جنيه ,https://www.neelwafurat.com/itempage.aspx?id=aeb428588-10428851&search=books
تشوبي يترك المصاصة,153.00 جنيه ,https://www.neelwafurat.com/itempage.aspx?id=lbb362763-358513&search=books
الفيل دغفل,228.00 جنيه ,https://www.neelwafurat.com/itempage.aspx?id=aeb428589-10428852&search=books
قرقيعان والكنغر,228.00 جنيه ,https://www.neelwafurat.com/itempage.aspx?id=aeb428590-10428853&search=books
المحقق شمشوم ولغز ,199.50 جنيه ,https://www.neelwafurat.com/itempage.aspx?id=aeb431314-10431702&search=books
ناعمة النعامة,228.00 جنيه ,https://www.neelwafurat.com/itempage.aspx?id=aeb431330-10431718&search=books
الآنسة دجاجة,228.00 جنيه ,https://www.neelwafurat.com/itempage.aspx?id=aeb431331-10431719&search=books
الأرنب خرنق,228.00 جنيه ,https://www.neelwafurat.com/itempage.aspx?id=aeb431332-10431720&search=books
كبير صغير,178.50 جنيه ,https://www.neelwafurat.com/itempage.aspx?id=lbb342648-335288&search=books
إكليل السماء,300.00 جنيه ,https://www.neelwafurat.com/itempage.aspx?id=lbb308759-298221&search=books
في النهر الطويل,300.00 جنيه ,https://www.neelwafurat.com/itempage.aspx?id=lbb308758-298220&search=books
حلم البيت الكبير,300.00 جنيه ,https://www.neelwafurat.com/itempage.aspx?id=lbb308757-298219&search=books
غرق البوابة الحمرا,300.00 جنيه ,https://www.neelwafurat.com/itempage.aspx?id=lbb308756-298218&search=books
فيفي,168.00 جنيه ,https://www.neelwafurat.com/itempage.aspx?id=lbb10489-10298&search=books
Have You Ever Wond,390.00 جنيه ,https://www.neelwafurat.com/itempage.aspx?id=aeb423499-10423569&search=books
عالم الطيور,105.00 جنيه ,https://www.neelwafurat.com/itempage.aspx?id=aeb428758-10429023&search=books
إسماعيل,210.00 جنيه ,https://www.neelwafurat.com/itempage.aspx?id=aeb427259-10427511&search=books
Smart kids,300.00 جنيه ,https://www.neelwafurat.com/itempage.aspx?id=lbb302923-291934&search=books
موبي ديك,135.00 جنيه ,https://www.neelwafurat.com/itempage.aspx?id=lbb337028-329280&search=books
رحلات جوليفر,120.00 جنيه ,https://www.neelwafurat.com/itempage.aspx?id=lbb95987-56227&search=books
جاء وليد,150.00 جنيه ,https://www.neelwafurat.com/itempage.aspx?id=lbb208263-335639&search=books
زيد يقبل التغيير,270.00 جنيه ,https://www.neelwafurat.com/itempage.aspx?id=lbb310921-300646&search=books
جاء وليد,240.00 جنيه ,https://www.neelwafurat.com/itempage.aspx?id=lbb208263-294384&search=books
تميم يساعد أمه,180.00 جنيه ,https://www.neelwafurat.com/itempage.aspx?id=lbb321538-312207&search=books
حكايات قبل النوم -,300.00 جنيه ,https://www.neelwafurat.com/itempage.aspx?id=lbb306496-295806&search=books
الجدة الوفية والحق,300.00 جنيه ,https://www.neelwafurat.com/itempage.aspx?id=lbb308755-298217&search=books
البقعة السوداء وسط,300.00 جنيه ,https://www.neelwafurat.com/itempage.aspx?id=lbb308754-298216&search=books
الغرنوق الأصلع,300.00 جنيه ,https://www.neelwafurat.com/itempage.aspx?id=lbb308753-298215&search=books
خويلد والبطاطا,228.00 جنيه ,https://www.neelwafurat.com/itempage.aspx?id=aeb431409-10431799&search=books
من نافذتي,162.00 جنيه ,https://www.neelwafurat.com/itempage.aspx?id=lbb314140-304232&search=books
من نافذتي,180.00 جنيه ,https://www.neelwafurat.com/itempage.aspx?id=lbb314140-355976&search=books
الطريق إلى بلاد ال,228.00 جنيه ,https://www.neelwafurat.com/itempage.aspx?id=aeb431410-10431800&search=books
فتاة القمر,192.00 جنيه ,https://www.neelwafurat.com/itempage.aspx?id=lbb308752-298214&search=books
منزل القرع,192.00 جنيه ,https://www.neelwafurat.com/itempage.aspx?id=lbb308751-298213&search=books
رياض يحلم بالألوان,150.00 جنيه ,https://www.neelwafurat.com/itempage.aspx?id=lbb208262-180575&search=books
حكاوي جدتي ج3,80.00 جنيه ,https://www.neelwafurat.com/itempage.aspx?id=egb257037-5273240&search=books
حكاوي جدتي ج2,80.00 جنيه ,https://www.neelwafurat.com/itempage.aspx?id=egb257036-5273239&search=books
رياض يحلم بالألوان,240.00 جنيه ,https://www.neelwafurat.com/itempage.aspx?id=lbb208262-294387&search=books
مرحبا دبدوب,192.00 جنيه ,https://www.neelwafurat.com/itempage.aspx?id=lbb308733-298195&search=books
أحد والأحزاب,90.00 جنيه ,https://www.neelwafurat.com/itempage.aspx?id=aeb424866-10425000&search=books
فتحة مكه,90.00 جنيه ,https://www.neelwafurat.com/itempage.aspx?id=aeb424867-10425001&search=books
عام الفيل,90.00 جنيه ,https://www.neelwafurat.com/itempage.aspx?id=aeb424868-10425002&search=books
الصادق الأمين,90.00 جنيه ,https://www.neelwafurat.com/itempage.aspx?id=aeb424869-10425003&search=books
حكايات نعمى : هذه ,420.00 جنيه ,https://www.neelwafurat.com/itempage.aspx?id=lbb310923-300648&search=books
الوحي النبوة,90.00 جنيه ,https://www.neelwafurat.com/itempage.aspx?id=aeb424870-10425004&search=books
الإسراء والمعراج,90.00 جنيه ,https://www.neelwafurat.com/itempage.aspx?id=aeb424871-10425005&search=books
اليتيم في العالم ا,192.00 جنيه ,https://www.neelwafurat.com/itempage.aspx?id=lbb308730-298192&search=books
كلب الرعي الشجاع,240.00 جنيه ,https://www.neelwafurat.com/itempage.aspx?id=lbb308731-298193&search=books
الهجرة المباركة,90.00 جنيه ,https://www.neelwafurat.com/itempage.aspx?id=aeb424872-10425006&search=books
غزوة بدر الكبرى,90.00 جنيه ,https://www.neelwafurat.com/itempage.aspx?id=aeb424873-10425007&search=books
سليمان عليه السلام,90.00 جنيه ,https://www.neelwafurat.com/itempage.aspx?id=aeb424874-10425008&search=books
من فقد ذيله ؟,228.00 جنيه ,https://www.neelwafurat.com/itempage.aspx?id=aeb428068-10428326&search=books
لغز الضباب الغامض ,15.00 جنيه ,https://www.neelwafurat.com/itempage.aspx?id=egb49562-5049583&search=books
الملك العجوز,240.00 جنيه ,https://www.neelwafurat.com/itempage.aspx?id=lbb308729-298191&search=books
موسي عليه السلام,90.00 جنيه ,https://www.neelwafurat.com/itempage.aspx?id=aeb424875-10425009&search=books
يوسف عليه السلام,90.00 جنيه ,https://www.neelwafurat.com/itempage.aspx?id=aeb424876-10425010&search=books
هود عليه السلام,90.00 جنيه ,https://www.neelwafurat.com/itempage.aspx?id=aeb424877-10425011&search=books
شاحنة خضراء - المر,90.00 جنيه ,https://www.neelwafurat.com/itempage.aspx?id=lbb294781-281919&search=books
